Workbook
Name Current_Year_Plans: '[1]Master '!$C$71:$C$138
Name Gold19: Data!$B$2
Name Previous_Year_Plans: '[1]Master '!$C$2:$C$69

Sheet Gold 1
B1: SimplyBlue Plus Gold 1 | D1: SimplyBlue Plus Gold 5 | F1: SimplyBlue Plus Gold 6
A2: Single | B2: 681.83 | D2: 695.29 | F2: 652.67
A3: Subscriber & Spouse | B3: 1363.65 | D3: 1390.57 | F3: 1305.33
A4: Subscriber & Child(ren) | B4: 1159.11 | D4: 1181.99 | F4: 1109.53
A5: Family | B5: 1943.21 | D5: 1981.57 | F5: 1860.1
A6: Primary Care Office Visit | B6: $25 copay per visit | C6: Covered at 80%, subject to the deductible | D6: $40 copay per visit | E6: Covered at 80%, subject to the deductible | F6: Covered at 80%, subject to the deductible | G6: Covered at 60%, subject to the deductible
A7: Specialist Office Visit | B7: $50 copay per visit | C7: Covered at 80%, subject to the deductible | D7: $70 copay per visit | E7: Covered at 80%, subject to the deductible | F7: Covered at 80%, subject to the deductible | G7: Covered at 60%, subject to the deductible
A8: Coinsurance | B8: None | C8: Covered at 80% | D8: None | E8: Covered at 80% | F8: Covered at 80% | G8: Covered at 60%
A9: Deductible | B9: None | C9: Out-of-Network: $5,000 Individual / $10,000 Family | D9: None | E9: Out-of-Network: $5,000 Individual / $10,000 Family | F9: In-Network: $1,600 Individual / | G9: Out-of-Network: $5,000 Individual / $10,000 Family
F10: $3,200 Family
A11: Out of pocket maximum | B11: $7,900 Individual / $15,800 Family | C11: $10,000 Individual / $20,000 Family | D11: $8,000 Individual / $16,000 Family | E11: $10,000 Individual / $20,000 Family | F11: $3,200 Individual / $6,400 Family | G11: $10,000 Individual / $20,000 Family
A12: Well child visits | B12: Covered In Full | C12: Covered at 80%, subject to the deductible | D12: Covered In Full | E12: Covered at 80%, subject to the deductible | F12: Covered In Full | G12: Covered at 60%, subject to the deductible
A13: +Adult immunizations | B13: Covered In Full | C13: Covered at 80%, subject to the deductible | D13: Covered In Full | E13: Covered at 80%, subject to the deductible | F13: Covered In Full | G13: Covered at 60%, subject to the deductible
A14: Routine GYN Exam | B14: Covered In Full | C14: Covered at 80%, subject to the deductible | D14: Covered In Full | E14: Covered at 80%, subject to the deductible | F14: Covered In Full | G14: Covered at 60%, subject to the deductible
A15: +Prostate cancer screening | B15: Covered In Full | C15: Covered at 80%, subject to the deductible | D15: Covered In Full | E15: Covered at 80%, subject to the deductible | F15: Covered In Full | G15: Covered at 60%, subject to the deductible
A16: Telemedicine and Telehealth Services | B16: Covered In Full | C16: Covered at 80%, subject to the deductible | D16: Covered In Full | E16: Covered at 80%, subject to the deductible | F16: Covered In Full, subject to deductible | G16: Covered at 60%, subject to the deductible
A17: Diagnostic x-rays | B17: $50 copay per visit | C17: Covered at 80%, subject to the deductible | D17: $70 copay per visit | E17: Covered at 80%, subject to the deductible | F17: Covered at 80%, subject to the deductible | G17: Covered at 60%, subject to the deductible
A18: Diagnostic laboratory and | B18: $50 copay per visit | C18: Covered at 80%, subject to | D18: $40 copay per visit | E18: Covered at 80%, subject to | F18: Covered at 80%, subject to | G18: Covered at 60%, subject to
A19: Chemotherapy | B19: $25 copay per visit | C19: Covered at 80%, subject to the deductible | D19: $40 copay per visit | E19: Covered at 80%, subject to the deductible | F19: Covered at 80%, subject to the deductible | G19: Covered at 60%, subject to the deductible
A20: Radiation therapy | B20: $50 copay per visit | C20: Covered at 80%, subject to the deductible | D20: $70 copay per visit | E20: Covered at 80%, subject to the deductible | F20: Covered at 80%, subject to the deductible | G20: Covered at 60%, subject to the deductible
A21: Prenatal care | B21: Covered in full (Cost share may apply to ultrasounds, lab work and sick visits) | C21: Covered at 80%, subject to the deductible per admission | D21: Covered in full (Cost share may apply to ultrasounds, lab work and sick visits) | E21: Covered at 80%, subject to the deductible per admission | F21: Covered in full (Cost share may apply to ultrasounds, lab work and sick visits) | G21: Covered at 60%, subject to the deductible
A22: Prescription Drug Coverage | B22: $15/40%/50% | C22: Not Covered | D22: $15/$75/50% | E22: Not Covered | F22: $5/$35/$70, subject to the plan deductible. Preventive drugs are not subject to the deductible; they are subject to the applicable copay or coinsurance. | G22: Not Covered
... A35: Adult Eyewear | B35: Eyewear Reimbursement of | C35: Eyewear Reimbursement of | D35: Eyewear Reimbursement of | E35: Eyewear Reimbursement of | F35: Eyewear Reimbursement of | G35: Eyewear Reimbursement of
B36: $100 per year | C36: $100 per year | D36: $100 per year | E36: $100 per year | F36: $100 per year | G36: $100 per year
A37: Pediatric Dental: Preventative & Routine | B37: Preventive covered at 100%. Routine covered at 80% | C37: Preventive covered at 100%, subject to balance billng. | D37: Preventive covered at 100%. Routine covered at 80% | E37: Preventive covered at 100%, subject to balance billng. | F37: Preventive cleaning and exams not subject to the deductible. Preventive services covered at 100%, subject to the deductible. Routine services covered at 80%, subject to the deductible | G37: Preventive cleaning and exams not subject to the deductible. Preventive services covered at 100%, subject to the deductible. Routine services covered at 80%, subject to the deductible and balance billing
C38: Routine covered at 80%,subject to the deductible and balance billing | E38: Routine covered at 80%,subject to the deductible and balance billing
A39: Plan Overview
A40: Plan ID | B40: 78124NY0980057-01 (GLL3) | D40: 78124NY0980137-01 (GLO5) | F40: 78124NY1000025-01 (GLR7)
A41: Plan Name | B41: SimplyBlue Plus Gold 1 | D41: SimplyBlue Plus Gold 5 | F41: SimplyBlue Plus Gold 6
A42: Aggregation Design | B42: Individual Aggregation | D42: Individual Aggregation | F42: Family Aggregation
A43: Plan Highlights | B43: Predictable out-of-pocket costs without a deductible, includes Active&Fit ExerciseRewards. | D43: Predictable out-of-pocket costs without a deductible, includes Active&Fit ExerciseRewards. | F43: A deductible is applied to all covered medical and prescription drug benefits. Preventive services are covered in full. Plan includes Active&Fit ExerciseRewards.
A44: Plan Type | B44: Copay | D44: Copay | F44: Deductible HSA
A45: HSA Eligible | B45: No | D45: No | F45: Yes
A46: Quote Effective | B46: 01/01/2022 - 03/31/2022 | D46: 01/01/2022 - 03/31/2022 | F46: 01/01/2022 - 03/31/2022
A47: Rate ($) | B47: Small Group | D47: Small Group | F47: Small Group
A48: Plan features
A49: Primary Care Physician (PCP) | B49: Not Required | D49: Not Required | F49: Not Required
A50: Referrals | B50: Not Required | D50: Not Required | F50: Not Required
A51: Out of network benefits | B51: Covered at 80%, subject to the deductible | D51: Covered at 80%, subject to the deductible | F51: Covered at 60%, subject to the deductible
A52: Out of area benefits | B52: Coverage provided worldwide through our BlueCard Network | D52: Coverage provided worldwide through our BlueCard Network | F52: Coverage provided worldwide through our BlueCard Network
A53: Student/Dependent coverage | B53: Qualified dependents are covered to age 26 | D53: Qualified dependents are covered to age 26 | F53: Qualified dependents are covered to age 26
A54: Domestic partner | B54: Covered | D54: Covered | F54: Covered
A55: Wellness Incentives | B55: Active&Fit ExerciseRewards receive up to $600 in rewards a year by visiting a qualified fitness facility or by tracking your steps using a wearable device. Save on Gym memberships with Active&Fit Direct. | D55: Active&Fit ExerciseRewards receive up to $600 in rewards a year by visiting a qualified fitness facility or by tracking your steps using a wearable device. Save on Gym memberships with Active&Fit Direct. | F55: Active&Fit ExerciseRewards receive up to $600 in rewards a year by visiting a qualified fitness facility or by tracking your steps using a wearable device. Save on Gym memberships with Active&Fit Direct.
A56: Plan cost-sharing highlights
A57: Plan cost-sharing highlights | B57: In-Network | C57: Out-of-Network | D57: In-Network | E57: Out-of-Network | F57: In-Network | G57: Out-of-Network
A58: Lifetime maximum | B58: None | C58: None | D58: None | E58: None | F58: None | G58: None
A59: Plan Benefits
A60: Preventive Healthcare Services | B60: In-Network | C60: Out-of-Network | D60: In-Network | E60: Out-of-Network | F60: In-Network | G60: Out-of-Network
A61: Adult routine physical exams | B61: Covered In Full | C61: Covered at 80%, subject to the deductible | D61: Covered In Full | E61: Covered at 80%, subject to the deductible | F61: Covered In Full | G61: Covered at 60%, subject to the deductible
A62: +Mammography | B62: Covered In Full | C62: Covered at 80%, subject to the deductible | D62: Covered In Full | E62: Covered at 80%, subject to the deductible | F62: Covered In Full | G62: Covered at 60%, subject to the deductible
A63: +Pap smear | B63: Covered In Full | C63: Covered at 80%, subject to the deductible | D63: Covered In Full | E63: Covered at 80%, subject to the deductible | F63: Covered In Full | G63: Covered at 60%, subject to the deductible
A64: +Colonoscopy | B64: Preventive screenings covered in full | C64: Covered at 80%, subject to the deductible | D64: Preventive screenings covered in full | E64: Covered at 80%, subject to the deductible | F64: Preventive screenings covered in full | G64: Covered at 60%, subject to the deductible
A65: +Family Planning Services | B65: Covered In Full | C65: Covered at 80%, subject to the deductible | D65: Covered In Full | E65: Covered at 80%, subject to the deductible | F65: Covered In Full | G65: Covered at 60%, subject to the deductible
A66: Physician Office Services | B66: In-Network | C66: Out-of-Network | D66: In-Network | E66: Out-of-Network | F66: In-Network | G66: Out-of-Network
A67: Diagnostic office visits | B67: $25 PCP copay; $50 Specialist copay per visit | C67: Covered at 80%, subject to the deductible | D67: $40 PCP copay; $70 Specialist copay per visit | E67: Covered at 80%, subject to the deductible | F67: Covered at 80%, subject to the deductible | G67: Covered at 60%, subject to the deductible
A68: Advanced Imaging Services | B68: $100 copay per visit | C68: Covered at 80%, subject to the deductible | D68: $100 copay per visit | E68: Covered at 80%, subject to the deductible | F68: Covered at 80%, subject to the deductible | G68: Covered at 60%, subject to the deductible
A69: pathology | C69: the deductible | E69: the deductible | F69: the deductible | G69: the deductible
A70: Allergy tests | B70: $25 PCP copay; $50 Specialist copay per visit | C70: Covered at 80%, subject to the deductible | D70: $40 PCP copay; $70 Specialist copay per visit | E70: Covered at 80%, subject to the deductible | F70: Covered at 80%, subject to the deductible | G70: Covered at 60%, subject to the deductible
A71: Allergy injections | B71: $25 PCP copay; $50 Specialist copay per visit | C71: Covered at 80%, subject to the deductible | D71: $40 PCP copay; $70 Specialist copay per visit | E71: Covered at 80%, subject to the deductible | F71: Covered at 80%, subject to the deductible | G71: Covered at 60%, subject to the deductible
A72: Maternity Services | B72: In-Network | C72: Out-of-Network | D72: In-Network | E72: Out-of-Network | F72: In-Network | G72: Out-of-Network
A73: Hospital care for mom (including delivery) | B73: Subject to $1,000 copay per admission | C73: Covered at 80%, per admission, subject to the deductible | D73: Subject to $1,000 copay per admission | E73: Covered at 80%, per admission, subject to the deductible | F73: Covered at 80%, subject to the deductible | G73: Covered at 60%, subject to the deductible
A74: Newborn nursery care | B74: Covered In Full | C74: Covered at 80%, per admission, subject to the deductible | D74: Covered In Full | E74: Covered at 80%, per admission, subject to the deductible | F74: Covered at 80%, subject to the deductible | G74: Covered at 60%, subject to the deductible
A75: Prescription Drug | B75: In-Network | C75: Out-of-Network | D75: In-Network | E75: Out-of-Network | F75: In-Network | G75: Out-of-Network
A76: Diabetic drugs, insulin, and supplies | B76: $25 copay per 30 day supply | C76: Covered at 80%, subject to the deductible | D76: $40 copay per 30 day supply | E76: Covered at 80%, subject to the deductible | F76: Covered at 80%, subject to the deductible | G76: Covered at 60%, subject to the deductible
A77: Inpatient Hospital Benefits | B77: In-Network | C77: Out-of-Network | D77: In-Network | E77: Out-of-Network | F77: In-Network | G77: Out-of-Network
A78: Hospital benefits | B78: Subject to $1,000 copay per admission for unlimited days | C78: Covered at 80%, per admission for unlimited days, subject to the deductible | D78: Subject to $1,000 copay per admission for unlimited days | E78: Covered at 80%, per admission for unlimited days, subject to the deductible | F78: Covered at 80% per admission for unlimited days, subject to the deductible | G78: Covered at 60% per admission for unlimited days, subject to the deductible
A79: Physician visits in the hospital | B79: Covered In Full | C79: Covered at 80%, subject to the deductible per admission | D79: Covered In Full | E79: Covered at 80%, subject to the deductible per admission | F79: Covered at 80%, subject to the deductible | G79: Covered at 60%, subject to the deductible
A80: Inpatient physical rehabilitation | B80: Subject to $1,000 copay per admission for up to 60 days per contract year | C80: Covered at 80%, per admission for up to 60 days per contract year, subject to the deductible | D80: Subject to $1,000 copay per admission for up to 60 days per contract year | E80: Covered at 80%, per admission for up to 60 days per contract year, subject to the deductible | F80: Covered at 80% per 60 day stay per admission per contract year, subject to the deductible | G80: Covered at 60% per 60 day stay per admission per contract year, subject to the deductible
A81: Surgery | B81: Covered In Full | C81: Covered at 80%, subject to the deductible per admission | D81: Covered In Full | E81: Covered at 80%, subject to the deductible per admission | F81: Covered at 80%, subject to the deductible | G81: Covered at 60%, subject to the deductible
... A92: Outpatient therapy | B92: $50 per visit for physical, speech and occupational therapy for up to 60 visits per contract year | C92: Covered at 80%, subject to the deductible for physical, speech and occupational therapy for up to 60 visits per | D92: $70 per visit for physical, speech and occupational therapy for up to 60 visits per contract year | E92: Covered at 80%, subject to the deductible for physical, speech and occupational therapy for up to 60 visits per | F92: Covered at 80%, subject to the deductible for physical, speech and occupational therapy for up to 60 visits per | G92: Covered at 60%, subject to the deductible for physical, speech and occupational therapy for up to 60 visits per
C93: contract year | E93: contract year | F93: contract year | G93: contract year
A94: Durable medical equipment | B94: Covered at 50% | C94: Covered at 50%, subject to the deductible | D94: Covered at 50% | E94: Covered at 50%, subject to the deductible | F94: Covered at 50%, subject to the deductible | G94: Covered at 50%, subject to the deductible
A95: External prosthetics | B95: Covered at 50% | C95: Covered at 50%, subject to the deductible | D95: Covered at 50% | E95: Covered at 50%, subject to the deductible | F95: Covered at 50%, subject to the deductible | G95: Covered at 50%, subject to the deductible
A96: Chiropractic | B96: $25 copay per visit | C96: Covered at 80%, subject to the deductible | D96: $40 copay per visit | E96: Covered at 80%, subject to the deductible | F96: Covered at 80%, subject to the deductible | G96: Covered at 60%, subject to the deductible
A97: Acupuncture | B97: $50 copay per visit | C97: Covered at 80%, subject to the deductible | D97: $70 copay per visit | E97: Covered at 80%, subject to the deductible | F97: Covered at 80%, subject to the deductible | G97: Covered at 60%, subject to the deductible
A98: Hearing Aids | B98: Covered at 50% for a single purchase once every 3 years | C98: Covered at 50%, subject to the deductible for a single purchase once every 3 years | D98: Covered at 50% for a single purchase once every 3 years | E98: Covered at 50%, subject to the deductible for a single purchase once every 3 years | F98: Covered at 50% , subject to the deductible for a single purchase once every 3 years | G98: Covered at 50%, subject to the deductible for a single purchase once every 3 years
A99: Vision Benefits | B99: In-Network | C99: Out-of-Network | D99: In-Network | E99: Out-of-Network | F99: In-Network | G99: Out-of-Network
A100: Adult Diagnostic Vision | B100: $50 copay per visit | C100: Covered at 80%, subject to the deductible | D100: $70 copay per visit | E100: Covered at 80%, subject to the deductible | F100: Covered at 80%, subject to the deductible | G100: Covered at 60%, subject to the deductible
A101: Pediatric Routine Vision Exam | B101: $50 copay per visit for one routine exam every year | C101: Covered at 80% for one routine exam every year, subject to the deductible | D101: $70 copay per visit for one routine exam every year | E101: Covered at 80% for one routine exam every year, subject to the deductible | F101: Covered at 80% for one routine exam every year, subject to the deductible | G101: Covered at 60% for one routine exam every year, subject to the deductible
A102: Pediatric Eyewear | B102: Covered at 50% for one purchase per plan year | C102: Covered at 50%, subject to the deductible for one purchase per plan year | D102: Covered at 50% for one purchase per plan year | E102: Covered at 50%, subject to the deductible for one purchase per plan year | F102: Covered at 50%, subject to the deductible for one purchase per plan year | G102: Covered at 50%, subject to the deductible for one purchase per plan year
A103: Dental Benefits | B103: In-Network | C103: Out-of-Network | D103: In-Network | E103: Out-of-Network | F103: In-Network | G103: Out-of-Network
A104: Adult Dental Care | B104: Not Covered | C104: Not Covered | D104: Not Covered | E104: Not Covered | F104: Not Covered | G104: Not Covered
A105: Pediatric Major Dental Care & Medical Ortho | B105: Covered at 50% | C105: Covered at 50%, subject to the deductible and balance billing | D105: Covered at 50% | E105: Covered at 50%, subject to the deductible and balance billing | F105: Covered at 50%, subject to the deductible | G105: Covered at 50%, subject to the deductible and balance billing
A106: Accidental Dental - Outpatient Surgical | B106: $450 copay per visit for accidental injury to sound, natural teeth and for care due to congenital disease or anomaly | C106: Covered at 80% for accidental injury to sound, natural teeth and for care due to congenital disease or anomaly, subject to the deductible | D106: $500 copay per visit for accidental injury to sound, natural teeth and for care due to congenital disease or anomaly | E106: Covered at 80% for accidental injury to sound, natural teeth and for care due to congenital disease or anomaly, subject to the deductible | F106: Covered at 80% for accidental injury to sound, natural teeth and for care due to congenital disease or anomaly, subject to the deductible | G106: Covered at 60% for accidental injury to sound, natural teeth and for care due to congenital disease or anomaly, subject to the deductible

Sheet Gold 2
B1: SimplyBlue Plus Gold 14 | D1: SimplyBlue Plus Gold 17 | F1: SimplyBlue Plus Gold 18
A2: Single | B2: 673.98 | D2: 671.85 | F2: 654.36
A3: Subscriber & Spouse | B3: 1347.95 | D3: 1343.69 | F3: 1308.72
A4: Subscriber & Child(ren) | B4: 1145.76 | D4: 1142.14 | F4: 1112.41
A5: Family | B5: 1920.84 | D5: 1914.76 | F5: 1864.92
A6: Primary Care Office Visit | B6: $25 copay per visit, subject to deductible | C6: Covered at 60%, subject to the deductible | D6: $30 copay per visit | E6: Covered at 60%, subject to the deductible | F6: $40 copay per visit | G6: Covered at 60%, subject to the deductible
A7: Specialist Office Visit | B7: $40 copay per visit, subject to deductible | C7: Covered at 60%, subject to the deductible | D7: $50 copay per visit | E7: Covered at 60%, subject to the deductible | F7: $60 copay per visit | G7: Covered at 60%, subject to the deductible
A8: Coinsurance | B8: Covered at 80% | C8: Covered at 60% | D8: Covered at 80% | E8: Covered at 60% | F8: Covered at 80% | G8: Covered at 60%
A9: Deductible | B9: In-Network: $1,000 Individual / | C9: Out-of-Network: $5,000 Individual / $10,000 Family | D9: In-Network: $1,000 Individual / | E9: Out-of-Network: $5,000 Individual / $10,000 Family | F9: In-Network: $1,100 Individual / | G9: Out-of-Network: $5,000 Individual / $10,000 Family
B10: $2,000 Family | D10: $2,000 Family | F10: $2,200 Family
A11: Out of pocket maximum | B11: $5,500 Individual / $11,000 Family | C11: $10,000 Individual / $20,000 Family | D11: $8,150 Individual / $16,300 Family | E11: $10,000 Individual / $20,000 Family | F11: $8,250 Individual / $16,500 Family | G11: $10,000 Individual / $20,000 Family
A12: Lifetime maximum | B12: None | C12: None | D12: None | E12: None | F12: None | G12: None
A13: Well child visits | B13: Covered In Full | C13: Covered at 60%, subject to the deductible | D13: Covered In Full | E13: Covered at 60%, subject to the deductible | F13: Covered In Full | G13: Covered at 60%, subject to the deductible
A14: +Adult immunizations | B14: Covered In Full | C14: Covered at 60%, subject to the deductible | D14: Covered In Full | E14: Covered at 60%, subject to the deductible | F14: Covered In Full | G14: Covered at 60%, subject to the deductible
A15: Routine GYN Exam | B15: Covered In Full | C15: Covered at 60%, subject to the deductible | D15: Covered In Full | E15: Covered at 60%, subject to the deductible | F15: Covered In Full | G15: Covered at 60%, subject to the deductible
A16: +Prostate cancer screening | B16: Covered In Full | C16: Covered at 60%, subject to the deductible | D16: Covered In Full | E16: Covered at 60%, subject to the deductible | F16: Covered In Full | G16: Covered at 60%, subject to the deductible
A17: Telemedicine and Telehealth Services | B17: Covered In Full, subject to deductible | C17: Covered at 60%, subject to the deductible | D17: Covered In Full | E17: Covered at 60%, subject to the deductible | F17: Covered In Full | G17: Covered at 60%, subject to the deductible
A18: Diagnostic x-rays | B18: $40 copay per visit, subject to the deductible | C18: Covered at 60%, subject to the deductible | D18: $50 copay per visit | E18: Covered at 60%, subject to the deductible | F18: $60 copay per visit | G18: Covered at 60%, subject to the deductible
A19: Diagnostic laboratory and pathology | B19: $25 copay per visit, subject to the deductible | C19: Covered at 60%, subject to the deductible | D19: $30 copay per visit | E19: Covered at 60%, subject to the deductible | F19: $40 copay per visit | G19: Covered at 60%, subject to the deductible
A20: Chemotherapy | B20: $25 PCP copay per visit, subject to deductible | C20: Covered at 60%, subject to the deductible | D20: $30 copay per visit | E20: Covered at 60%, subject to the deductible | F20: $40 copay per visit | G20: Covered at 60%, subject to the deductible
A21: Radiation therapy | B21: $40 copay per visit, subject to the deductible | C21: Covered at 60%, subject to the deductible | D21: $50 copay per visit | E21: Covered at 60%, subject to the deductible | F21: $60 copay per visit | G21: Covered at 60%, subject to the deductible
A22: Prenatal care | B22: Covered in full (Cost share may apply to ultrasounds, lab work and sick visits) | C22: Covered at 60%, subject to the deductible | D22: Covered in full (Cost share may apply to ultrasounds, lab work and sick visits) | E22: Covered at 60%, subject to the deductible | F22: Covered in full (Cost share may apply to ultrasounds, lab work and sick visits) | G22: Covered at 60%, subject to the deductible
... A39: Adult Eyewear | B39: Eyewear Reimbursement of | C39: Eyewear Reimbursement of | D39: Eyewear Reimbursement of | E39: Eyewear Reimbursement of | F39: Eyewear Reimbursement of | G39: Eyewear Reimbursement of
B40: $100 per year | C40: $100 per year | D40: $100 per year | E40: $100 per year | F40: $100 per year | G40: $100 per year
A41: Pediatric Dental: Preventative & Routine | B41: Preventive covered at 100%. Routine covered at 80%, subject to the deductible | C41: Preventive covered at 100%, subject to balance billing. | D41: Preventive covered at 100%. Routine covered at 80%, subject to the deductible | E41: Preventive covered at 100%, subject to balance billing. | F41: Preventive covered at 100%. Routine covered at 80%, subject to the deductible | G41: Preventive covered at 100%, subject to balance billing.
C42: Routine covered at 80%, | E42: Routine covered at 80%, | G42: Routine covered at 80%,
C43: subject to the deductible and balance billing | E43: subject to the deductible and balance billing | G43: subject to the deductible and balance billing
A44: Plan Overview
A45: Plan ID | B45: 78124NY0990089-01 (GMB3) | D45: 78124NY0990249-01 (GMM5) | F45: 78124NY0990265-01 (GMO1)
A46: Plan Name | B46: SimplyBlue Plus Gold 14 | D46: SimplyBlue Plus Gold 17 | F46: SimplyBlue Plus Gold 18
A47: Aggregation Design | B47: Individual Aggregation | D47: Individual Aggregation | F47: Individual Aggregation
A48: Plan Highlights | B48: A deductible is applied to all covered medical benefits, prescription drugs are not subject to the deductible. Preventive services are covered in full. Plan includes Active&Fit ExerciseRewards. | D48: A deductible is applied to select covered medical benefits, prescription drugs are not subject to the deductible. Preventive services are covered in full, includes Active&Fit ExerciseRewards. | F48: A deductible is applied to select covered medical benefits, prescription drugs are not subject to the deductible. Preventive services are covered in full, includes Active&Fit ExerciseRewards.
A49: Plan Type | B49: Hybrid | D49: Hybrid | F49: Hybrid
A50: HSA Eligible | B50: No | D50: No | F50: No
A51: Quote Effective | B51: 01/01/2022 - 03/31/2022 | D51: 01/01/2022 - 03/31/2022 | F51: 01/01/2022 - 03/31/2022
A52: Rate ($) | B52: Small Group | D52: Small Group | F52: Small Group
A53: Plan features
A54: Primary Care Physician (PCP) | B54: Not Required | D54: Not Required | F54: Not Required
A55: Referrals | B55: Not Required | D55: Not Required | F55: Not Required
A56: Out of network benefits | B56: Covered at 60%, subject to the deductible | D56: Covered at 60%, subject to the deductible | F56: Covered at 60%, subject to the deductible
A57: Out of area benefits | B57: Coverage provided worldwide through our BlueCard Network | D57: Coverage provided worldwide through our BlueCard Network | F57: Coverage provided worldwide through our BlueCard Network
A58: Student/Dependent coverage | B58: Qualified dependents are covered to age 26 | D58: Qualified dependents are covered to age 26 | F58: Qualified dependents are covered to age 26
A59: Domestic partner | B59: Covered | D59: Covered | F59: Covered
A60: Wellness Incentives | B60: Active&Fit ExerciseRewards receive up to $600 in rewards a year by visiting a qualified fitness facility or by tracking your steps using a wearable device. Save on Gym memberships with Active&Fit Direct. | D60: Active&Fit ExerciseRewards receive up to $600 in rewards a year by visiting a qualified fitness facility or by tracking your steps using a wearable device. Save on Gym memberships with Active&Fit Direct. | F60: Active&Fit ExerciseRewards receive up to $600 in rewards a year by visiting a qualified fitness facility or by tracking your steps using a wearable device. Save on Gym memberships with Active&Fit Direct.
A61: Plan cost-sharing highlights
A62: Plan cost-sharing highlights | B62: In-Network | C62: Out-of-Network | D62: In-Network | E62: Out-of-Network | F62: In-Network | G62: Out-of-Network
A63: Plan Benefits
A64: Preventive Healthcare Services | B64: In-Network | C64: Out-of-Network | D64: In-Network | E64: Out-of-Network | F64: In-Network | G64: Out-of-Network
A65: Adult routine physical exams | B65: Covered In Full | C65: Covered at 60%, subject to the deductible | D65: Covered In Full | E65: Covered at 60%, subject to the deductible | F65: Covered In Full | G65: Covered at 60%, subject to the deductible
A66: +Mammography | B66: Covered In Full | C66: Covered at 60%, subject to the deductible | D66: Covered In Full | E66: Covered at 60%, subject to the deductible | F66: Covered In Full | G66: Covered at 60%, subject to the deductible
A67: +Pap smear | B67: Covered In Full | C67: Covered at 60%, subject to the deductible | D67: Covered In Full | E67: Covered at 60%, subject to the deductible | F67: Covered In Full | G67: Covered at 60%, subject to the deductible
A68: +Colonoscopy | B68: Preventive screenings covered in full | C68: Covered at 60%, subject to the deductible | D68: Preventive screenings covered in full | E68: Covered at 60%, subject to the deductible | F68: Preventive screenings covered in full | G68: Covered at 60%, subject to the deductible
A69: +Family Planning Services | B69: Covered In Full | C69: Covered at 60%, subject to the deductible | D69: Covered In Full | E69: Covered at 60%, subject to the deductible | F69: Covered In Full | G69: Covered at 60%, subject to the deductible
A70: Physician Office Services | B70: In-Network | C70: Out-of-Network | D70: In-Network | E70: Out-of-Network | F70: In-Network | G70: Out-of-Network
A71: Diagnostic office visits | B71: $25 PCP copay; $40 Specialist copay per visit, subject to deductible | C71: Covered at 60%, subject to the deductible | D71: $30 PCP copay; $50 Specialist copay per visit | E71: Covered at 60%, subject to the deductible | F71: $40 PCP copay; $60 Specialist copay per visit | G71: Covered at 60%, subject to the deductible
A72: Advanced Imaging | B72: $100 copay per visit, subject | C72: Covered at 60%, subject to | D72: $100 copay per visit | E72: Covered at 60%, subject to | F72: $100 copay per visit | G72: Covered at 60%, subject to
A73: Services | B73: to the deductible | C73: the deductible | E73: the deductible | G73: the deductible
A74: Allergy tests | B74: $25 PCP copay; $40 Specialist copay per visit, subject to deductible | C74: Covered at 60%, subject to the deductible | D74: $30 PCP copay; $50 Specialist copay per visit | E74: Covered at 60%, subject to the deductible | F74: $40 PCP copay; $60 Specialist copay per visit | G74: Covered at 60%, subject to the deductible
A75: Allergy injections | B75: $25 PCP copay; $40 Specialist copay per visit, subject to deductible | C75: Covered at 60%, subject to the deductible | D75: $30 PCP copay; $50 Specialist copay per visit | E75: Covered at 60%, subject to the deductible | F75: $40 PCP copay; $60 Specialist copay per visit | G75: Covered at 60%, subject to the deductible
A76: Maternity Services | B76: In-Network | C76: Out-of-Network | D76: In-Network | E76: Out-of-Network | F76: In-Network | G76: Out-of-Network
A77: Hospital care for mom (including delivery) | B77: Covered at 80%, subject to the deductible | C77: Covered at 60% per admission, subject to the deductible | D77: Covered at 80%, subject to the deductible | E77: Covered at 60%, subject to the deductible | F77: Covered at 80%, subject to the deductible | G77: Covered at 60%, subject to the deductible
A78: Newborn nursery care | B78: Covered In Full, subject to deductible | C78: Covered at 60% per admission, subject to the deductible | D78: Covered at 80%, subject to the deductible | E78: Covered at 60%, subject to the deductible | F78: Covered at 80%, subject to the deductible | G78: Covered at 60%, subject to the deductible
A79: Prescription Drug | B79: In-Network | C79: Out-of-Network | D79: In-Network | E79: Out-of-Network | F79: In-Network | G79: Out-of-Network
A80: Diabetic drugs, insulin, and supplies | B80: $25 copay, subject to deductible per 30 day supply | C80: Covered at 60%, subject to the deductible | D80: $30 copay per 30 day supply | E80: Covered at 60%, subject to the deductible | F80: $40 copay per 30 day supply | G80: Covered at 60%, subject to the deductible
A81: Inpatient Hospital Benefits | B81: In-Network | C81: Out-of-Network | D81: In-Network | E81: Out-of-Network | F81: In-Network | G81: Out-of-Network
A82: Hospital benefits | B82: Covered at 80% per admission for unlimited days, subject to the deductible | C82: Covered at 60%, per admission for unlimited days, subject to the deductible | D82: Covered at 80% per admission for unlimited days, subject to the deductible | E82: Covered at 60% per admission for unlimited days, subject to the deductible | F82: Covered at 80% per admission for unlimited days, subject to the deductible | G82: Covered at 60% per admission for unlimited days, subject to the deductible
A83: Physician visits in the hospital | B83: Covered at 80%, subject to the deductible | C83: Covered at 60%, subject to the deductible | D83: Covered at 80%, subject to the deductible | E83: Covered at 60%, subject to the deductible | F83: Covered at 80%, subject to the deductible | G83: Covered at 60%, subject to the deductible
A84: Inpatient physical rehabilitation | B84: Covered at 80% per 60 day stay per admission per contract year, subject to the deductible | C84: Covered at 60% per admission for up to 60 days per contract year, subject to the deductible | D84: Covered at 80% per 60 day stay per admission per contract year, subject to the deductible | E84: Covered at 60% per 60 day stay per admission per contract year, subject to the deductible | F84: Covered at 80% per 60 day stay per admission per contract year, subject to the deductible | G84: Covered at 60% per 60 day stay per admission per contract year, subject to the deductible
A85: Surgery | B85: Covered at 80%, subject to the deductible | C85: Covered at 60%, subject to the deductible | D85: Covered at 80%, subject to the deductible | E85: Covered at 60%, subject to the deductible | F85: Covered at 80%, subject to the deductible | G85: Covered at 60%, subject to the deductible
... A95: Hospice | B95: Covered at 80% for up to 210 visits per year, subject to the deductible | C95: Covered at 60% for up to 210 visits per year, subject to the deductible | D95: Covered at 80% for up to 210 visits per year, subject to the deductible | E95: Covered at 60% for up to 210 visits per year, subject to the deductible | F95: Covered at 80% for up to 210 visits per year, subject to the deductible | G95: Covered at 60% for up to 210 visits per year, subject to the deductible
B96: speech and occupational therapy for up to 60 visits per contract year | C96: speech and occupational therapy for up to 60 visits per contract year | D96: 60 visits per contract year | E96: speech and occupational therapy for up to 60 visits per contract year | F96: 60 visits per contract year | G96: speech and occupational therapy for up to 60 visits per contract year
A97: External prosthetics | B97: Covered at 50%, subject to the deductible | C97: Covered at 50%, subject to the deductible | D97: Covered at 50%, subject to the deductible | E97: Covered at 50%, subject to the deductible | F97: Covered at 50%, subject to the deductible | G97: Covered at 50%, subject to the deductible
A98: Acupuncture | B98: $40 copay per visit, subject to the deductible | C98: Covered at 60%, subject to the deductible | D98: $50 copay per visit | E98: Covered at 60%, subject to the deductible | F98: $60 copay per visit | G98: Covered at 60%, subject to the deductible
A99: Hearing Aids | B99: Covered at 50% , subject to the deductible for a single purchase once every 3 years | C99: Covered at 50%, subject to the deductible for a single purchase once every 3 years | D99: Covered at 50% , subject to the deductible for a single purchase once every 3 years | E99: Covered at 50%, subject to the deductible for a single purchase once every 3 years | F99: Covered at 50% , subject to the deductible for a single purchase once every 3 years | G99: Covered at 50%, subject to the deductible for a single purchase once every 3 years
A100: Vision Benefits | B100: In-Network | C100: Out-of-Network | D100: In-Network | E100: Out-of-Network | F100: In-Network | G100: Out-of-Network
A101: Adult Diagnostic Vision | B101: $40 copay per visit, subject to the deductible | C101: Covered at 60%, subject to the deductible | D101: $50 copay per visit | E101: Covered at 60%, subject to the deductible | F101: $60 copay per visit | G101: Covered at 60%, subject to the deductible
A102: Pediatric Routine Vision Exam | B102: $40 copay per visit for one routine exam every year, subject to deductible | C102: Covered at 60% for one routine exam every year, subject to the deductible | D102: $50 copay per visit for one routine exam every year | E102: Covered at 60% for one routine exam every year, subject to the deductible | F102: $60 copay per visit for one routine exam every year | G102: Covered at 60% for one routine exam every year, subject to the deductible
A103: Pediatric Eyewear | B103: Covered at 50%, subject to the deductible for one purchase per plan year | C103: Covered at 50%, subject to the deductible for one purchase per plan year | D103: Covered at 50%, subject to the deductible for one purchase per plan year | E103: Covered at 50%, subject to the deductible for one purchase per plan year | F103: Covered at 50%, subject to the deductible for one purchase per plan year | G103: Covered at 50%, subject to the deductible for one purchase per plan year
A104: Dental Benefits | B104: In-Network | C104: Out-of-Network | D104: In-Network | E104: Out-of-Network | F104: In-Network | G104: Out-of-Network
A105: Adult Dental Care | B105: Not Covered | C105: Not Covered | D105: Not Covered | E105: Not Covered | F105: Not Covered | G105: Not Covered
A106: Pediatric Major Dental Care & Medical Ortho | B106: Covered at 50%, subject to the deductible | C106: Covered at 50%, subject to the deductible and balance billing | D106: Covered at 50%, subject to the deductible | E106: Covered at 50%, subject to the deductible and balance billing | F106: Covered at 50%, subject to the deductible | G106: Covered at 50%, subject to the deductible and balance billing
A107: Accidental Dental - Outpatient Surgical | B107: Covered at 80% for accidental injury to sound, natural teeth and for care due to congenital disease or anomaly, subject to the deductible | C107: Covered at 60% for accidental injury to sound, natural teeth and for care due to congenital disease or anomaly, subject to the deductible | D107: Covered at 80% for accidental injury to sound, natural teeth and for care due to congenital disease or anomaly, subject to the deductible | E107: Covered at 60% for accidental injury to sound, natural teeth and for care due to congenital disease or anomaly, subject to the deductible | F107: Covered at 80% for accidental injury to sound, natural teeth and for care due to congenital disease or anomaly, subject to the deductible | G107: Covered at 60% for accidental injury to sound, natural teeth and for care due to congenital disease or anomaly, subject to the deductible

Sheet Standard
B1: SimplyBlue Plus Standard Platinum | D1: SimplyBlue Plus Standard Silver | F1: SimplyBlue Plus Standard Gold | H1: SimplyBlue Plus Standard Bronze HSA
A2: Single | B2: 815.8 | D2: 617.86 | F2: 706.9 | H2: 438.64
A3: Subscriber & Spouse | B3: 1631.59 | D3: 1235.73 | F3: 1413.81 | H3: 877.27
A4: Subscriber & Child(ren) | B4: 1386.86 | D4: 1050.37 | F4: 1201.74 | H4: 745.68
A5: Family | B5: 2325.02 | D5: 1760.92 | F5: 2014.67 | H5: 1250.11
A6: Primary Care Office Visit | B6: $15 copay per visit | C6: Covered at 80%, subject to the deductible | D6: $30 copay per visit, subject to deductible | E6: Covered at 60%, subject to the deductible | F6: $25 copay per visit, subject to deductible | G6: Covered at 60%, subject to the deductible | H6: Covered at 50%, subject to the deductible | I6: Covered at 100%, subject to the deductible
A7: Specialist Office Visit | B7: $35 copay per visit | C7: Covered at 80%, subject to the deductible | D7: $50 copay per visit, subject to deductible | E7: Covered at 60%, subject to the deductible | F7: $40 copay per visit, subject to deductible | G7: Covered at 60%, subject to the deductible | H7: Covered at 50%, subject to the deductible | I7: Covered at 100%, subject to the deductible
A8: Coinsurance | B8: None | C8: Covered at 80% | D8: Covered at 100% | E8: Covered at 60% | F8: Covered at 100% | G8: Covered at 60% | H8: Covered at 50% | I8: Covered at 100%
A9: Deductible | B9: None | C9: Out-of-Network: | D9: In-Network: $1,300 Individual / $2,600 Family | E9: Out-of-Network: | F9: In-Network: $600 Individual / $1,200 Family | G9: Out-of-Network: | H9: In-Network: $6,100 Individual / $12,200 Family | I9: Out-of-Network:
C10: $5,000 Individual / | E10: $5,000 Individual / | G10: $5,000 Individual / | I10: $10,000 Individual /
C11: $10,000 Family | E11: $10,000 Family | G11: $10,000 Family | I11: $20,000 Family
A12: Out of pocket maximum | B12: $2,000 Individual / | C12: $10,000 Individual / | D12: $8,500 Individual / | E12: $10,000 Individual / | F12: $4,000 Individual / | G12: $10,000 Individual / | H12: $6,900 Individual / | I12: $10,000 Individual /
B13: $4,000 Family | C13: $20,000 Family | D13: $17,000 Family | E13: $20,000 Family | F13: $8,000 Family | G13: $20,000 Family | H13: $13,800 Family | I13: $20,000 Family
A14: Well child visits | B14: Covered In Full | C14: Covered at 80%, subject to the deductible | D14: Covered In Full | E14: Covered at 60%, subject to the deductible | F14: Covered In Full | G14: Covered at 60%, subject to the deductible | H14: Covered In Full | I14: Covered at 100%, subject to the deductible
A15: +Adult immunizations | B15: Covered In Full | C15: Covered at 80%, subject to the deductible | D15: Covered In Full | E15: Covered at 60%, subject to the deductible | F15: Covered In Full | G15: Covered at 60%, subject to the deductible | H15: Covered In Full | I15: Covered at 100%, subject to the deductible
A16: Routine GYN Exam | B16: Covered In Full | C16: Covered at 80%, subject to the deductible | D16: Covered In Full | E16: Covered at 60%, subject to the deductible | F16: Covered In Full | G16: Covered at 60%, subject to the deductible | H16: Covered In Full | I16: Covered at 100%, subject to the deductible
A17: +Prostate cancer screening | B17: Covered In Full | C17: Covered at 80%, subject to the deductible | D17: Covered In Full | E17: Covered at 60%, subject to the deductible | F17: Covered In Full | G17: Covered at 60%, subject to the deductible | H17: Covered In Full | I17: Covered at 100%, subject to the deductible
A18: Telemedicine and Telehealth Services | B18: Covered In Full | C18: Covered at 80%, subject to the deductible | D18: Covered In Full | E18: Covered at 60%, subject to the deductible | F18: Covered In Full | G18: Covered at 60%, subject to the deductible | H18: Covered In Full, subject to deductible | I18: Covered at 100%, subject to the deductible
A19: Diagnostic x-rays | B19: $15 PCP copay; $35 Specialist copay per visit | C19: Covered at 80%, subject to the deductible | D19: $30 PCP copay; $75 copay per visit, subject to deductible | E19: Covered at 60%, subject to the deductible | F19: $25 PCP copay; $40 copay per visit, subject to deductible | G19: Covered at 60%, subject to the deductible | H19: Covered at 50%, subject to the deductible | I19: Covered at 100%, subject to the deductible
A20: Diagnostic laboratory and pathology | B20: $15 PCP copay; $35 Specialist copay per visit | C20: Covered at 80%, subject to the deductible | D20: $30 PCP copay; $50 Specialist copay per visit, subject to deductible | E20: Covered at 60%, subject to the deductible | F20: $25 PCP copay; $40 Specialist copay per visit, subject to deductible | G20: Covered at 60%, subject to the deductible | H20: Covered at 50%, subject to the deductible | I20: Covered at 100%, subject to the deductible
A21: Chemotherapy | B21: $15 copay | C21: Covered at 80%, subject to the deductible | D21: $30 PCP copay per visit, subject to deductible | E21: Covered at 60%, subject to the deductible | F21: $25 PCP copay per visit, subject to deductible | G21: Covered at 60%, subject to the deductible | H21: Covered at 50%, subject to the deductible | I21: Covered at 100%, subject to the deductible
A22: Radiation therapy | B22: $15 copay | C22: Covered at 80%, subject to the deductible | D22: $30 PCP copay per visit, subject to deductible | E22: Covered at 60%, subject to the deductible | F22: $25 PCP copay per visit, subject to deductible | G22: Covered at 60%, subject to the deductible | H22: Covered at 50%, subject to the deductible | I22: Covered at 100%, subject to the deductible
A23: Prenatal care | B23: Covered in full (Cost share may apply to ultrasounds, lab work and sick visits) | C23: Covered at 80%, subject to the deductible | D23: Covered in full (Cost share may apply to ultrasounds, lab work and sick visits) | E23: Covered at 60%, subject to the deductible | F23: Covered in full (Cost share may apply to ultrasounds, lab work and sick visits) | G23: Covered at 60%, subject to the deductible | H23: Covered in full (Cost share may apply to ultrasounds, lab work and sick visits) | I23: Covered at 100%, subject to the deductible
A24: Prescription Drug Coverage | B24: $10/$30/$60 | C24: Not Covered | D24: $10/$35/$70 | E24: Not Covered | F24: $10/$35/$70 | G24: Not Covered | H24: $10/$35/$70, subject to the plan deductible | I24: Not Covered
A25: Emergency room care | B25: $100 copay per visit | C25: $100 copay per visit | D25: $300 copay per visit, subject to deductible | E25: $300 copay per visit, subject to deductible | F25: $150 copay per visit, subject to deductible | G25: $150 copay per visit, subject to deductible | H25: Covered at 50%, subject to the deductible | I25: Covered at 50%, subject to the deductible
... A40: Pediatric Dental: Preventative & Routine | B40: $15 per visit | C40: $15 per visit, subject to the deductible and balance billing | D40: $30 per visit, subject to the deductible | E40: $30 per visit, subject to the deductible and balance billing | F40: $25 per visit, subject to the deductible | G40: $25 per visit, subject to the deductible and balance billing | H40: Covered at 50%, subject to the deductible | I40: Covered at 100%, subject to the deductible and balance billing
A41: Plan Overview
A42: Plan ID | B42: 78124NY0980009-01 (GLI1) | D42: 78124NY0990009-01 (GLY1) | F42: 78124NY0990041-01 (GLZ7) | H42: 78124NY1000009-01 (GLQ1)
A43: Plan Name | B43: SimplyBlue Plus Standard Platinum | D43: SimplyBlue Plus Standard Silver | F43: SimplyBlue Plus Standard Gold | H43: SimplyBlue Plus Standard Bronze HSA
A44: Aggregation Design | B44: Individual Aggregation | D44: Individual Aggregation | F44: Individual Aggregation | H44: Individual Aggregation
A45: Plan Highlights | B45: Predictable out-of-pocket costs without a deductible, includes Active&Fit ExerciseRewards. | D45: A deductible is applied to all covered medical benefits, prescription drugs are not subject to the deductible. Preventive services are covered in full. Plan includes Active&Fit ExerciseRewards. | F45: A deductible is applied to all covered medical benefits, prescription drugs are not subject to the deductible. Preventive services are covered in full. Plan includes Active&Fit ExerciseRewards. | H45: A deductible is applied to all covered medical and prescription drug benefits. Preventive services are covered in full. Plan includes Active&Fit ExerciseRewards.
A46: Plan Type | B46: Copay | D46: Hybrid | F46: Hybrid | H46: Deductible HSA
A47: HSA Eligible | B47: No | D47: No | F47: No | H47: Yes
A48: Quote Effective | B48: 01/01/2022 - 03/31/2022 | D48: 01/01/2022 - 03/31/2022 | F48: 01/01/2022 - 03/31/2022 | H48: 01/01/2022 - 03/31/2022
A49: Rate ($) | B49: Small Group | D49: Small Group | F49: Small Group | H49: Small Group
A50: Plan features
A51: Primary Care Physician (PCP) | B51: Not Required | D51: Not Required | F51: Not Required | H51: Not Required
A52: Referrals | B52: Not Required | D52: Not Required | F52: Not Required | H52: Not Required
A53: Out of network benefits | B53: Covered at 80%, subject to the deductible | D53: Covered at 60%, subject to the deductible | F53: Covered at 60%, subject to the deductible | H53: Covered at 100%, subject to the deductible
A54: Out of area benefits | B54: Coverage provided worldwide through our BlueCard Network | D54: Coverage provided worldwide through our BlueCard Network | F54: Coverage provided worldwide through our BlueCard Network | H54: Coverage provided worldwide through our BlueCard Network
A55: Student/Dependent coverage | B55: Qualified dependents are covered to age 26 | D55: Qualified dependents are covered to age 26 | F55: Qualified dependents are covered to age 26 | H55: Qualified dependents are covered to age 26
A56: Domestic partner | B56: Covered | D56: Covered | F56: Covered | H56: Covered
A57: Wellness Incentives | B57: Active&Fit ExerciseRewards receive up to | D57: Active&Fit ExerciseRewards receive up to | F57: Active&Fit ExerciseRewards receive up to | H57: Active&Fit ExerciseRewards receive up to
B58: $600 in rewards a year by visiting a qualified fitness facility or by tracking your steps using a | D58: $600 in rewards a year by visiting a qualified fitness facility or by tracking your steps using a | F58: $600 in rewards a year by visiting a qualified fitness facility or by tracking your steps using a | H58: $600 in rewards a year by visiting a qualified fitness facility or by tracking your steps using a
B59: wearable device. Save on Gym memberships with Active&Fit Direct. | D59: wearable device. Save on Gym memberships with Active&Fit Direct. | F59: wearable device. Save on Gym memberships with Active&Fit Direct. | H59: wearable device. Save on Gym memberships with Active&Fit Direct.
A60: Plan cost-sharing highlights
A61: Plan cost-sharing highlights | B61: In-Network | C61: Out-of-Network | D61: In-Network | E61: Out-of-Network | F61: In-Network | G61: Out-of-Network | H61: In-Network | I61: Out-of-Network
A62: Lifetime maximum | B62: None | C62: None | D62: None | E62: None | F62: None | G62: None | H62: None | I62: None
A63: Plan Benefits
A64: Preventive Healthcare Services | B64: In-Network | C64: Out-of-Network | D64: In-Network | E64: Out-of-Network | F64: In-Network | G64: Out-of-Network | H64: In-Network | I64: Out-of-Network
A65: Adult routine physical exams | B65: Covered In Full | C65: Covered at 80%, subject to the deductible | D65: Covered In Full | E65: Covered at 60%, subject to the deductible | F65: Covered In Full | G65: Covered at 60%, subject to the deductible | H65: Covered In Full | I65: Covered at 100%, subject to the deductible
A66: +Mammography | B66: Covered In Full | C66: Covered at 80%, subject to the deductible | D66: Covered In Full | E66: Covered at 60%, subject to the deductible | F66: Covered In Full | G66: Covered at 60%, subject to the deductible | H66: Covered In Full | I66: Covered at 100%, subject to the deductible
A67: +Pap smear | B67: Covered In Full | C67: Covered at 80%, subject to the deductible | D67: Covered In Full | E67: Covered at 60%, subject to the deductible | F67: Covered In Full | G67: Covered at 60%, subject to the deductible | H67: Covered In Full | I67: Covered at 100%, subject to the deductible
A68: +Colonoscopy | B68: Preventive screenings covered in full | C68: Covered at 80%, subject to the deductible | D68: Preventive screenings covered in full | E68: Covered at 60%, subject to the deductible | F68: Preventive screenings covered in full | G68: Covered at 60%, subject to the deductible | H68: Preventive screenings covered in full | I68: Covered at 100%, subject to the deductible
A69: +Family Planning Services | B69: Covered In Full | C69: Covered at 80%, | D69: Covered In Full | E69: Covered at 60%, | F69: Covered In Full | G69: Covered at 60%, | H69: Covered In Full | I69: Covered at 100%,
C70: subject to the deductible | E70: subject to the deductible | G70: subject to the deductible | I70: subject to the deductible
A71: Physician Office Services | B71: In-Network | C71: Out-of-Network | D71: In-Network | E71: Out-of-Network | F71: In-Network | G71: Out-of-Network | H71: In-Network | I71: Out-of-Network
A72: Diagnostic office visits | B72: $15 PCP copay; $35 Specialist copay per visit | C72: Covered at 80%, subject to the deductible | D72: $30 PCP copay; $50 Specialist copay per visit, subject to deductible | E72: Covered at 60%, subject to the deductible | F72: $25 PCP copay; $40 Specialist copay per visit, subject to deductible | G72: Covered at 60%, subject to the deductible | H72: Covered at 50%, subject to the deductible | I72: Covered at 100%, subject to the deductible
A73: Advanced Imaging Services | B73: $35 copay per visit | C73: Covered at 80%, subject to the deductible | D73: $75 copay per visit, subject to the deductible | E73: Covered at 60%, subject to the deductible | F73: $40 copay per visit, subject to the deductible | G73: Covered at 60%, subject to the deductible | H73: Covered at 50%, subject to the deductible | I73: Covered at 100%, subject to the deductible
A74: Allergy tests | B74: $15 PCP copay; $35 Specialist copay per visit | C74: Covered at 80%, subject to the deductible | D74: $30 PCP copay; $50 Specialist copay per visit, subject to deductible | E74: Covered at 60%, subject to the deductible | F74: $25 PCP copay; $40 Specialist copay per visit, subject to deductible | G74: Covered at 60%, subject to the deductible | H74: Covered at 50%, subject to the deductible | I74: Covered at 100%, subject to the deductible
A75: Allergy injections | B75: $15 PCP copay; $35 Specialist copay per visit | C75: Covered at 80%, subject to the deductible | D75: $30 PCP copay; $50 Specialist copay per visit, subject to deductible | E75: Covered at 60%, subject to the deductible | F75: $25 PCP copay; $40 Specialist copay per visit, subject to deductible | G75: Covered at 60%, subject to the deductible | H75: Covered at 50%, subject to the deductible | I75: Covered at 100%, subject to the deductible
A76: Maternity Services | B76: In-Network | C76: Out-of-Network | D76: In-Network | E76: Out-of-Network | F76: In-Network | G76: Out-of-Network | H76: In-Network | I76: Out-of-Network
A77: Hospital care for mom (including delivery) | B77: Subject to $500 copay per admission | C77: Covered at 80%, per admission, subject to the deductible | D77: Subject to $1,500 copay per admission, subject to the deductible | E77: Covered at 60% per admission, subject to the deductible | F77: Subject to $1,000 copay per admission, subject to the deductible | G77: Covered at 60% per admission, subject to the deductible | H77: Covered at 50%, subject to the deductible | I77: Covered at 100% per admission, subject to the deductible
A78: Newborn nursery care | B78: Covered In Full | C78: Covered at 80%, per admission, subject to the deductible | D78: Covered In Full, subject to deductible | E78: Covered at 60% per admission, subject to the deductible | F78: Covered In Full, subject to deductible | G78: Covered at 60% per admission, subject to the deductible | H78: Covered at 50%, subject to the deductible | I78: Covered at 100% per admission, subject to the deductible
A79: Prescription Drug | B79: In-Network | C79: Out-of-Network | D79: In-Network | E79: Out-of-Network | F79: In-Network | G79: Out-of-Network | H79: In-Network | I79: Out-of-Network
A80: Diabetic drugs, insulin, and supplies | B80: $15 copay per 30 day supply | C80: Covered at 80%, subject to the deductible | D80: $30 copay, subject to deductible per 30 day supply | E80: Covered at 60%, subject to the deductible | F80: $25 copay, subject to deductible per 30 day supply | G80: Covered at 60%, subject to the deductible | H80: Covered at 50%, subject to the deductible | I80: Covered at 100%, subject to the deductible
A81: Inpatient Hospital Benefits | B81: In-Network | C81: Out-of-Network | D81: In-Network | E81: Out-of-Network | F81: In-Network | G81: Out-of-Network | H81: In-Network | I81: Out-of-Network
A82: Hospital benefits | B82: Subject to $500 copay per admission for unlimited days | C82: Covered at 80%, per admission for unlimited days, subject to the deductible | D82: Subject to $1,500 copay per admission for unlimited days, subject to the deductible | E82: Covered at 60% per admission for unlimited days, subject to the deductible | F82: Subject to $1,000 copay per admission for unlimited days, subject to the deductible | G82: Covered at 60% per admission for unlimited days, subject to the deductible | H82: Covered at 50% per admission for unlimited days, subject to the deductible | I82: Covered at 100% per admission for unlimited days, subject to the deductible
... A107: Accidental Dental - Outpatient Surgical | B107: $100 copay per visit for accidental injury to sound, natural teeth and for care due to congenital disease or anomaly | C107: Covered at 80% for accidental injury to sound, natural teeth and for care due to congenital disease or anomaly, subject to the deductible | D107: $150 copay per visit for accidental injury to sound, natural teeth and for care due to congenital disease or anomaly, subject to the deductible | E107: Covered at 60% for accidental injury to sound, natural teeth and for care due to congenital disease or anomaly, subject to the deductible | F107: $100 copay per visit for accidental injury to sound, natural teeth and for care due to congenital disease or anomaly, subject to the deductible | G107: Covered at 60% for accidental injury to sound, natural teeth and for care due to congenital disease or anomaly, subject to the deductible | H107: Covered at 50% for accidental injury to sound, natural teeth and for care due to congenital disease or anomaly, subject to the deductible | I107: Covered at 100% for accidental injury to sound, natural teeth and for care due to congenital disease or anomaly, subject to the deductible

Sheet Bronze Options
B1: SimplyBlue Plus Standard Bronze HSA | D1: SimplyBlue Plus Bronze 3 | F1: SimplyBlue Plus Bronze 4 | H1: SimplyBlue Plus Bronze 5
A2: Plan Overview
A3: Plan ID | B3: 78124NY1000009-00 (SXU3) | D3: 78124NY1000153-00 (SXZ1) | F3: 78124NY1000169-00 (SYA7) | H3: 78124NY1000201-00 (SYN5)
A4: Plan Name | B4: SimplyBlue Plus Standard Bronze HSA | D4: SimplyBlue Plus Bronze 3 | F4: SimplyBlue Plus Bronze 4 | H4: SimplyBlue Plus Bronze 5
A5: Aggregation Design | B5: Individual Aggregation | D5: Family Aggregation | F5: Family Aggregation | H5: Family Aggregation
A6: Plan Highlights | B6: A deductible is applied to all covered medical and prescription drug benefits. Preventive services are covered in full. Plan includes Active&Fit ExerciseRewards. | D6: A deductible is applied to all covered medical and prescription drug benefits. Preventive services are covered in full. Plan includes Active&Fit ExerciseRewards. | F6: A deductible is applied to all covered medical and prescription drug benefits. Preventive services are covered in full. Plan includes Active&Fit ExerciseRewards. | H6: A deductible is applied to all covered medical and prescription drug benefits. Preventive services are covered in full. Plan includes Active&Fit ExerciseRewards.
A7: Plan Type | B7: Deductible HSA | D7: Deductible HSA | F7: Deductible HSA | H7: Deductible HSA
A8: HSA Eligible | B8: Yes | D8: Yes | F8: Yes | H8: Yes
A9: Quote Effective | B9: 01/01/2022 - 03/31/2022 | D9: 01/01/2022 - 03/31/2022 | F9: 01/01/2022 - 03/31/2022 | H9: 01/01/2022 - 03/31/2022
A10: Rate ($) | B10: Small Group | D10: Small Group | F10: Small Group | H10: Small Group
A11: Single | B11: 438.64 | D11: 438.68 | F11: 438.93 | H11: 439.44
A12: Subscriber & Spouse | B12: 877.27 | D12: 877.35 | F12: 877.87 | H12: 878.88
A13: Subscriber & Child(ren) | B13: 745.68 | D13: 745.75 | F13: 746.19 | H13: 747.05
A14: Family | B14: 1250.11 | D14: 1250.22 | F14: 1250.96 | H14: 1252.4
A15: Plan features
A16: Primary Care Physician (PCP) | B16: Not Required | D16: Not Required | F16: Not Required | H16: Not Required
A17: Referrals | B17: Not Required | D17: Not Required | F17: Not Required | H17: Not Required
A18: Out of network benefits | B18: Covered at 100%, subject to the deductible | D18: Covered at 100%, subject to the deductible | F18: Covered at 100%, subject to the deductible | H18: Covered at 100%, subject to the deductible
A19: Out of area benefits | B19: Coverage provided worldwide through our BlueCard Network | D19: Coverage provided worldwide through our BlueCard Network | F19: Coverage provided worldwide through our BlueCard Network | H19: Coverage provided worldwide through our BlueCard Network
A20: Student/Dependent coverage | B20: Qualified dependents are covered to age 26 | D20: Qualified dependents are covered to age 26 | F20: Qualified dependents are covered to age 26 | H20: Qualified dependents are covered to age 26
A21: Domestic partner | B21: Covered | D21: Covered | F21: Covered | H21: Covered
A22: Wellness Incentives | B22: Active&Fit ExerciseRewards receive up to | D22: Active&Fit ExerciseRewards receive up to | F22: Active&Fit ExerciseRewards receive up to | H22: Active&Fit ExerciseRewards receive up to
B23: $600 in rewards a year by visiting a qualified fitness facility or by tracking your steps using a wearable device. Save on Gym memberships | D23: $600 in rewards a year by visiting a qualified fitness facility or by tracking your steps using a wearable device. Save on Gym memberships | F23: $600 in rewards a year by visiting a qualified fitness facility or by tracking your steps using a wearable device. Save on Gym memberships | H23: $600 in rewards a year by visiting a qualified fitness facility or by tracking your steps using a wearable device. Save on Gym memberships
B24: with Active&Fit Direct. | D24: with Active&Fit Direct. | F24: with Active&Fit Direct. | H24: with Active&Fit Direct.
A25: Plan cost-sharing highlights
A26: Plan cost-sharing highlights | B26: In-Network | C26: Out-of-Network | D26: In-Network | E26: Out-of-Network | F26: In-Network | G26: Out-of-Network | H26: In-Network | I26: Out-of-Network
A27: Primary Care Office Visit | B27: Covered at 50%, subject to the deductible | C27: Covered at 100%, subject to the deductible | D27: Covered at 50%, subject to the deductible | E27: Covered at 100%, subject to the deductible | F27: Covered at 100%, subject to the deductible | G27: Covered at 100%, subject to the deductible | H27: $40 copay per visit, subject to deductible | I27: Covered at 100%, subject to the deductible
A28: Specialist Office Visit | B28: Covered at 50%, subject to the deductible | C28: Covered at 100%, subject to the deductible | D28: Covered at 50%, subject to the deductible | E28: Covered at 100%, subject to the deductible | F28: Covered at 100%, subject to the deductible | G28: Covered at 100%, subject to the deductible | H28: $60 copay per visit, subject to deductible | I28: Covered at 100%, subject to the deductible
A29: Coinsurance | B29: Covered at 50% | C29: Covered at 100% | D29: Covered at 50% | E29: Covered at 100% | F29: Covered at 100% | G29: Covered at 100% | H29: Covered at 100% | I29: Covered at 100%
A30: Deductible | B30: In-Network: $6,100 Individual / $12,200 Family | C30: Out-of-Network: | D30: In-Network: $5,500 Individual / $11,000 Family | E30: Out-of-Network: | F30: In-Network: $7,000 Individual / $14,000 Family | G30: Out-of-Network: | H30: In-Network: $6,000 Individual / $12,000 Family | I30: Out-of-Network:
C31: $10,000 Individual / | E31: $10,000 Individual / | G31: $10,000 Individual / | I31: $10,000 Individual /
C32: $20,000 Family | E32: $20,000 Family | G32: $20,000 Family | I32: $20,000 Family
A33: Out of pocket maximum | B33: $6,900 Individual / | C33: $10,000 Individual / | D33: $7,000 Individual / | E33: $10,000 Individual / | F33: $7,000 Individual / | G33: $10,000 Individual / | H33: $7,000 Individual / | I33: $10,000 Individual /
B34: $13,800 Family | C34: $20,000 Family | D34: $14,000 Family | E34: $20,000 Family | F34: $14,000 Family | G34: $20,000 Family | H34: $14,000 Family | I34: $20,000 Family
A35: Lifetime maximum | B35: None | C35: None | D35: None | E35: None | F35: None | G35: None | H35: None | I35: None
A36: Plan Benefits
A37: Preventive Healthcare Services | B37: In-Network | C37: Out-of-Network | D37: In-Network | E37: Out-of-Network | F37: In-Network | G37: Out-of-Network | H37: In-Network | I37: Out-of-Network
A38: Well child visits | B38: Covered In Full | C38: Covered at 100%, subject to the deductible | D38: Covered In Full | E38: Covered at 100%, subject to the deductible | F38: Covered In Full | G38: Covered at 100%, subject to the deductible | H38: Covered In Full | I38: Covered at 100%, subject to the deductible
A39: Adult routine physical exams | B39: Covered In Full | C39: Covered at 100%, subject to the deductible | D39: Covered In Full | E39: Covered at 100%, subject to the deductible | F39: Covered In Full | G39: Covered at 100%, subject to the deductible | H39: Covered In Full | I39: Covered at 100%, subject to the deductible
A40: +Adult immunizations | B40: Covered In Full | C40: Covered at 100%, subject to the deductible | D40: Covered In Full | E40: Covered at 100%, subject to the deductible | F40: Covered In Full | G40: Covered at 100%, subject to the deductible | H40: Covered In Full | I40: Covered at 100%, subject to the deductible
A41: +Mammography | B41: Covered In Full | C41: Covered at 100%, subject to the deductible | D41: Covered In Full | E41: Covered at 100%, subject to the deductible | F41: Covered In Full | G41: Covered at 100%, subject to the deductible | H41: Covered In Full | I41: Covered at 100%, subject to the deductible
A42: +Pap smear | B42: Covered In Full | C42: Covered at 100%, subject to the deductible | D42: Covered In Full | E42: Covered at 100%, subject to the deductible | F42: Covered In Full | G42: Covered at 100%, subject to the deductible | H42: Covered In Full | I42: Covered at 100%, subject to the deductible
A43: Routine GYN Exam | B43: Covered In Full | C43: Covered at 100%, subject to the deductible | D43: Covered In Full | E43: Covered at 100%, subject to the deductible | F43: Covered In Full | G43: Covered at 100%, subject to the deductible | H43: Covered In Full | I43: Covered at 100%, subject to the deductible
A44: +Prostate cancer screening | B44: Covered In Full | C44: Covered at 100%, subject to the deductible | D44: Covered In Full | E44: Covered at 100%, subject to the deductible | F44: Covered In Full | G44: Covered at 100%, subject to the deductible | H44: Covered In Full | I44: Covered at 100%, subject to the deductible
A45: +Colonoscopy | B45: Preventive screenings covered in full | C45: Covered at 100%, subject to the deductible | D45: Preventive screenings covered in full | E45: Covered at 100%, subject to the deductible | F45: Preventive screenings covered in full | G45: Covered at 100%, subject to the deductible | H45: Preventive screenings covered in full | I45: Covered at 100%, subject to the deductible
A46: +Family Planning Services | B46: Covered In Full | C46: Covered at 100%, subject to the | D46: Covered In Full | E46: Covered at 100%, subject to the | F46: Covered In Full | G46: Covered at 100%, subject to the | H46: Covered In Full | I46: Covered at 100%, subject to the
C47: deductible | E47: deductible | G47: deductible | I47: deductible
A48: Physician Office Services | B48: In-Network | C48: Out-of-Network | D48: In-Network | E48: Out-of-Network | F48: In-Network | G48: Out-of-Network | H48: In-Network | I48: Out-of-Network
A49: Diagnostic office visits | B49: Covered at 50%, subject to the deductible | C49: Covered at 100%, subject to the deductible | D49: Covered at 50%, subject to the deductible | E49: Covered at 100%, subject to the deductible | F49: Covered at 100%, subject to the deductible | G49: Covered at 100%, subject to the deductible | H49: $40 PCP copay; $60 Specialist copay per visit, subject to deductible. | I49: Covered at 100%, subject to the deductible
A50: Telemedicine and Telehealth Services | B50: Covered In Full, subject to deductible | C50: Covered at 100%, subject to the deductible | D50: Covered In Full, subject to deductible | E50: Covered at 100%, subject to the deductible | F50: Covered In Full, subject to deductible | G50: Covered at 100%, subject to the deductible | H50: Covered In Full, subject to deductible | I50: Covered at 100%, subject to the deductible
A51: Diagnostic x-rays | B51: Covered at 50%, subject to the deductible | C51: Covered at 100%, subject to the deductible | D51: Covered at 50%, subject to the deductible | E51: Covered at 100%, subject to the deductible | F51: Covered at 100%, subject to the deductible | G51: Covered at 100%, subject to the deductible | H51: $60 copay per visit, subject to deductible | I51: Covered at 100%, subject to the deductible
A52: Advanced Imaging Services | B52: Covered at 50%, subject to the deductible | C52: Covered at 100%, subject to the deductible | D52: Covered at 50%, subject to the deductible | E52: Covered at 100%, subject to the deductible | F52: Covered at 100%, subject to the deductible | G52: Covered at 100%, subject to the deductible | H52: $100 copay per visit, subject to the deductible | I52: Covered at 100%, subject to the deductible
A53: Diagnostic laboratory and pathology | B53: Covered at 50%, subject to the deductible | C53: Covered at 100%, subject to the deductible | D53: Covered at 50%, subject to the deductible | E53: Covered at 100%, subject to the deductible | F53: Covered at 100%, subject to the deductible | G53: Covered at 100%, subject to the deductible | H53: $40 copay per visit, subject to deductible | I53: Covered at 100%, subject to the deductible
A54: Allergy tests | B54: Covered at 50%, subject to the deductible | C54: Covered at 100%, subject to the deductible | D54: Covered at 50%, subject to the deductible | E54: Covered at 100%, subject to the deductible | F54: Covered at 100%, subject to the deductible | G54: Covered at 100%, subject to the deductible | H54: $40 PCP copay; $60 Specialist copay per visit, subject to deductible | I54: Covered at 100%, subject to the deductible
A55: Allergy injections | B55: Covered at 50%, subject to the deductible | C55: Covered at 100%, subject to the deductible | D55: Covered at 50%, subject to the deductible | E55: Covered at 100%, subject to the deductible | F55: Covered at 100%, subject to the deductible | G55: Covered at 100%, subject to the deductible | H55: $40 PCP copay; $60 Specialist copay per visit, subject to deductible | I55: Covered at 100%, subject to the deductible
A56: Chemotherapy | B56: Covered at 50%, subject to the deductible | C56: Covered at 100%, subject to the deductible | D56: Covered at 50%, subject to the deductible | E56: Covered at 100%, subject to the deductible | F56: Covered at 100%, subject to the deductible | G56: Covered at 100%, subject to the deductible | H56: $40 PCP copay per visit, subject to deductible | I56: Covered at 100%, subject to the deductible
A57: Radiation therapy | B57: Covered at 50%, subject to the deductible | C57: Covered at 100%, subject to the deductible | D57: Covered at 50%, subject to the deductible | E57: Covered at 100%, subject to the deductible | F57: Covered at 100%, subject to the deductible | G57: Covered at 100%, subject to the deductible | H57: $60 PCP copay per visit, subject to deductible | I57: Covered at 100%, subject to the deductible
A58: Maternity Services | B58: In-Network | C58: Out-of-Network | D58: In-Network | E58: Out-of-Network | F58: In-Network | G58: Out-of-Network | H58: In-Network | I58: Out-of-Network
A59: Prenatal care | B59: Covered in full (Cost share may apply to ultrasounds, lab work and sick visits) | C59: Covered at 100%, subject to the deductible | D59: Covered in full (Cost share may apply to ultrasounds, lab work and sick visits) | E59: Covered at 100%, subject to the deductible | F59: Covered in full (Cost share may apply to ultrasounds, lab work and sick visits) | G59: Covered at 100%, subject to the deductible | H59: Covered in full (Cost share may apply to ultrasounds, lab work and sick visits) | I59: Covered at 100%, subject to the deductible
... A63: Prescription Drug | B63: $10/$35/$70, subject | C63: Not Covered | D63: $10/40%/50%, subject | E63: Not Covered | F63: Covered at 100%, | G63: Not Covered | H63: $10/$45/$90, subject | I63: Not Covered
A64: Coverage | B64: to the plan deductible | D64: to the plan deductible. Preventive drugs are not subject to the deductible; they are subject to the applicable copay or coinsurance. | F64: subject to the plan deductible. Preventive drugs are not subject to the deductible; they are subject to the applicable copay or coinsurance. | H64: to the plan deductible. Preventive drugs are not subject to the deductible; they are subject to the applicable copay or coinsurance.
A65: Diabetic drugs, insulin, and supplies | B65: Covered at 50%, subject to the deductible | C65: Covered at 100%, subject to the deductible | D65: Covered at 50%, subject to the deductible | E65: Covered at 100%, subject to the deductible | F65: Covered at 100%, subject to the deductible | G65: Covered at 100%, subject to the deductible | H65: $40 copay, subject to deductible per 30 day supply | I65: Covered at 100%, subject to the deductible
A66: Inpatient Hospital Benefits | B66: In-Network | C66: Out-of-Network | D66: In-Network | E66: Out-of-Network | F66: In-Network | G66: Out-of-Network | H66: In-Network | I66: Out-of-Network
A67: Hospital benefits | B67: Covered at 50% per admission for unlimited days, subject to the deductible | C67: Covered at 100% per admission for unlimited days, subject to the deductible | D67: Covered at 50% per admission for unlimited days, subject to the deductible | E67: Covered at 100% per admission for unlimited days, subject to the deductible | F67: Covered at 100% per admission for unlimited days, subject to the deductible | G67: Covered at 100% per admission for unlimited days, subject to the deductible | H67: Subject to $1,000 copay per admission for unlimited days, subject to the deductible | I67: Covered at 100% per admission for unlimited days, subject to the deductible
A68: Physician visits in the hospital | B68: Covered at 50%, subject to the deductible | C68: Covered at 100%, subject to the deductible | D68: Covered at 50%, subject to the deductible | E68: Covered at 100%, subject to the deductible | F68: Covered at 100%, subject to the deductible | G68: Covered at 100%, subject to the deductible | H68: Covered In Full, subject to deductible | I68: Covered at 100%, subject to the deductible
A69: Inpatient physical rehabilitation | B69: Covered at 50% per 60 day stay per contract year, subject to the deductible | C69: Covered at 100% per admission for up to 60 days per contract year, subject to the deductible | D69: Covered at 50% per 60 day stay per admission per contract year, subject to the deductible | E69: Covered at 100% per 60 day stay per admission per contract year, subject to the deductible | F69: Covered at 100% per 60 day stay per admission per contract year, subject to the deductible | G69: Covered at 100% per 60 day stay per admission per contract year, subject to the deductible | H69: Subject to $1,000 copay per admission for up to 60 days per per contract year, subject to the deductible | I69: Covered at 100% per admission for up to 60 days per contract year, subject to the deductible
A70: Surgery | B70: Covered at 50%, subject to the deductible | C70: Covered at 100%, subject to the deductible | D70: Covered at 50%, subject to the deductible | E70: Covered at 100%, subject to the deductible | F70: Covered at 100%, subject to the deductible | G70: Covered at 100%, subject to the deductible | H70: Covered In Full, subject to deductible | I70: Covered at 100%, subject to the deductible
A71: Anesthesia | B71: Covered at 50%, subject to the deductible | C71: Covered at 100%, subject to the deductible | D71: Covered at 50%, subject to the deductible | E71: Covered at 100%, subject to the deductible | F71: Covered at 100%, subject to the deductible | G71: Covered at 100%, subject to the deductible | H71: Covered In Full, subject to deductible | I71: Covered at 100%, subject to the deductible
A72: Emergency Care | B72: In-Network | C72: Out-of-Network | D72: In-Network | E72: Out-of-Network | F72: In-Network | G72: Out-of-Network | H72: In-Network | I72: Out-of-Network
A73: Emergency room care | B73: Covered at 50%, subject to the deductible | C73: Covered at 50%, subject to the deductible | D73: Covered at 50%, subject to the deductible | E73: Covered at 50%, subject to the deductible | F73: Covered at 100%, subject to the deductible | G73: Covered at 100%, subject to the deductible | H73: $500 copay per visit, subject to deductible | I73: $500 copay per visit, subject to deductible
A74: Freestanding urgent care center | B74: Covered at 50%, subject to the deductible | C74: Covered at 100%, subject to the deductible | D74: Covered at 50%, subject to the deductible | E74: Covered at 100%, subject to the deductible | F74: Covered at 100%, subject to the deductible | G74: Covered at 100%, subject to the deductible | H74: $60 copay per visit, subject to deductible | I74: Covered at 100%, subject to the deductible
A75: Ambulance | B75: Covered at 50%, subject to the deductible | C75: Covered at 50%, subject to the deductible | D75: Covered at 50%, subject to the deductible | E75: Covered at 50%, subject to the deductible | F75: Covered at 100%, subject to the deductible | G75: Covered at 100%, subject to the deductible | H75: $500 copay per visit, subject to deductible | I75: $500 copay per visit, subject to deductible
A76: Outpatient Hospital Benefits | B76: In-Network | C76: Out-of-Network | D76: In-Network | E76: Out-of-Network | F76: In-Network | G76: Out-of-Network | H76: In-Network | I76: Out-of-Network
... A93: Outpatient therapy | B93: Covered at 50%, | C93: Covered at 100%, | D93: Covered at 50%, | E93: Covered at 100%, | F93: Covered at 100%, | G93: Covered at 100%, | H93: $60 per visit, subject | I93: Covered at 100%,
B94: subject to the deductible for physical, speech and occupational therapy for up to 60 visits per contract year | C94: subject to the deductible for physical, speech and occupational therapy for up to 60 visits per contract year | D94: subject to the deductible for physical, speech and occupational therapy for up to 60 visits per contract year | E94: subject to the deductible for physical, speech and occupational therapy for up to 60 visits per contract year | F94: subject to the deductible for physical, speech and occupational therapy for up to 60 visits per contract year | G94: subject to the deductible for physical, speech and occupational therapy for up to 60 visits per contract year | H94: to deductible for physical, speech and occupational therapy for up to 60 visits per contract year | I94: subject to the deductible for physical, speech and occupational therapy for up to 60 visits per contract year
A95: Durable medical equipment | B95: Covered at 50%, subject to the deductible | C95: Covered at 100%, subject to the deductible | D95: Covered at 50%, subject to the deductible | E95: Covered at 50%, subject to the deductible | F95: Covered at 100%, subject to the deductible | G95: Covered at 100%, subject to the deductible | H95: Covered at 50%, subject to the deductible | I95: Covered at 50%, subject to the deductible
A96: External prosthetics | B96: Covered at 50%, subject to the deductible | C96: Covered at 100%, subject to the deductible | D96: Covered at 50%, subject to the deductible | E96: Covered at 50%, subject to the deductible | F96: Covered at 100%, subject to the deductible | G96: Covered at 100%, subject to the deductible | H96: Covered at 50%, subject to the deductible | I96: Covered at 50%, subject to the deductible
A97: Chiropractic | B97: Covered at 50%, subject to the deductible | C97: Covered at 100%, subject to the deductible | D97: Covered at 50%, subject to the deductible | E97: Covered at 100%, subject to the deductible | F97: Covered at 100%, subject to the deductible | G97: Covered at 100%, subject to the deductible | H97: $40 copay per visit, subject to deductible | I97: Covered at 100%, subject to the deductible
A98: Acupuncture | B98: Not Covered | C98: Not Covered | D98: Covered at 50%, subject to the deductible | E98: Covered at 100%, subject to the deductible | F98: Covered at 100%, subject to the deductible | G98: Covered at 100%, subject to the deductible | H98: $60 copay per visit, subject to deductible | I98: Covered at 100%, subject to the deductible
A99: Hearing Aids | B99: Covered at 50%, subject to the deductible for a single purchase once every 3 years | C99: Covered at 100%, subject to the deductible for a single purchase once every 3 years | D99: Covered at 50% , subject to the deductible for a single purchase once every 3 years | E99: Covered at 50%, subject to the deductible for a single purchase once every 3 years | F99: Covered at 100% , subject to the deductible for a single purchase once every 3 years | G99: Covered at 100%, subject to the deductible for a single purchase once every 3 years | H99: Covered at 50% , subject to the deductible for a single purchase once every 3 years | I99: Covered at 50%, subject to the deductible for a single purchase once every 3 years
A100: Vision Benefits | B100: In-Network | C100: Out-of-Network | D100: In-Network | E100: Out-of-Network | F100: In-Network | G100: Out-of-Network | H100: In-Network | I100: Out-of-Network
A101: Adult Routine Vision Exam | B101: Not Covered | C101: Not Covered | D101: One routine exam covered in full per year, subject to the deductible | E101: Covered at 100% for one routine exam every year, subject to the deductible | F101: One routine exam covered in full per year, subject to the deductible | G101: Covered at 100% for one routine exam every year, subject to the deductible | H101: One routine exam covered in full per year, subject to the deductible | I101: Covered at 100% for one routine exam every year, subject to the deductible
A102: Adult Diagnostic Vision | B102: Covered at 50%, subject to the deductible | C102: Covered at 100%, subject to the deductible | D102: Covered at 50%, subject to the deductible | E102: Covered at 100%, subject to the deductible | F102: Covered at 100%, subject to the deductible | G102: Covered at 100%, subject to the deductible | H102: $60 copay per visit, subject to deductible | I102: Covered at 100%, subject to the deductible
A103: Adult Eyewear | B103: Not Covered | C103: Not Covered | D103: Eyewear Reimbursement of | E103: Eyewear Reimbursement of | F103: Eyewear Reimbursement of | G103: Eyewear Reimbursement of | H103: Eyewear Reimbursement of | I103: Eyewear Reimbursement of
D104: $100 per year | E104: $100 per year | F104: $100 per year | G104: $100 per year | H104: $100 per year | I104: $100 per year
A105: Pediatric Routine Vision Exam | B105: Covered at 50% for one routine exam every year, subject to the deductible | C105: Covered at 100% for one routine exam every year, subject to the deductible | D105: Covered at 50% for one routine exam every year, subject to the deductible | E105: Covered at 100% for one routine exam every year, subject to the deductible | F105: Covered at 100% for one routine exam every year, subject to the deductible | G105: Covered at 100% for one routine exam every year, subject to the deductible | H105: $60 copay per visit for one routine exam every year, subject to the deductible | I105: Covered at 100% for one routine exam every year, subject to the deductible
A106: Pediatric Eyewear | B106: Covered at 50%, subject to the deductible for one purchase per plan year | C106: Covered at 100%, subject to the deductible for one purchase per plan year | D106: Covered at 50%, subject to the deductible for one purchase per plan year | E106: Covered at 50%, subject to the deductible for one purchase per plan year | F106: Covered at 100%, subject to the deductible for one purchase per plan year | G106: Covered at 100%, subject to the deductible for one purchase per plan year | H106: Covered at 50%, subject to the deductible for one purchase per plan year | I106: Covered at 50%, subject to the deductible for one purchase per plan year
A107: Dental Benefits | B107: In-Network | C107: Out-of-Network | D107: In-Network | E107: Out-of-Network | F107: In-Network | G107: Out-of-Network | H107: In-Network | I107: Out-of-Network
A108: Adult Dental Care | B108: Not Covered | C108: Not Covered | D108: Not Covered | E108: Not Covered | F108: Not Covered | G108: Not Covered | H108: Not Covered | I108: Not Covered
A109: Pediatric Dental: Preventative & Routine | B109: Covered at 50%, subject to the deductible | C109: Covered at 100%, subject to the deductible and | D109: Preventive cleaning and exams not subject to the deductible. | E109: Preventive cleaning and exams not subject to the deductible. | F109: Preventive cleaning and exams not subject to the deductible. | G109: Preventive cleaning and exams not subject to the deductible. | H109: Preventive cleaning and exams not subject to the deductible. | I109: Preventive cleaning and exams not subject to the deductible.
C110: balance billing | D110: Preventive services covered at 100%, subject to the deductible. Routine services covered at 80%, subject to the deductible | E110: Preventive services covered at 100%, subject to the deductible. Routine services covered at 80%, subject to the deductible and balance billing | F110: Preventive services covered at 100%, subject to the deductible. Routine services covered at 100%, subject to the deductible | G110: Preventive services covered at 100%, subject to the deductible. Routine services covered at 100%, subject to the deductible and balance billing | H110: Preventive services covered at 100%, subject to the deductible. Routine services covered at 80%, subject to the deductible | I110: Preventive services covered at 100%, subject to the deductible. Routine services covered at 80%, subject to the deductible and balance billing
A111: Pediatric Major Dental Care & Medical Ortho | B111: Covered at 50%, subject to the deductible | C111: Covered at 100%, subject to the deductible and balance billing | D111: Covered at 50%, subject to the deductible | E111: Covered at 50%, subject to the deductible and balance billing | F111: Covered at 100%, subject to the deductible | G111: Covered at 100%, subject to the deductible and balance billing | H111: Covered at 50%, subject to the deductible | I111: Covered at 50%, subject to the deductible and balance billing
A112: Accidental Dental - Outpatient Surgical | B112: Covered at 50% for accidental injury to sound, natural teeth and for care due to congenital disease or anomaly, subject to the deductible | C112: Covered at 100% for accidental injury to sound, natural teeth and for care due to congenital disease or anomaly, subject to the deductible | D112: Covered at 50% for accidental injury to sound, natural teeth and for care due to congenital disease or anomaly, subject to the deductible | E112: Covered at 100% for accidental injury to sound, natural teeth and for care due to congenital disease or anomaly, subject to the deductible | F112: Covered at 100% for accidental injury to sound, natural teeth and for care due to congenital disease or anomaly, subject to the deductible | G112: Covered at 100% for accidental injury to sound, natural teeth and for care due to congenital disease or anomaly, subject to the deductible | H112: $500 copay per visit for accidental injury to sound, natural teeth and for care due to congenital disease or anomaly, subject to the deductible | I112: Covered at 100% for accidental injury to sound, natural teeth and for care due to congenital disease or anomaly, subject to the deductible

Sheet Plat 2
B1: SimplyBlue Plus Standard Platinum | D1: SimplyBlue Plus Platinum 6
A2: Single | B2: 815.8 | D2: 795.26
A3: Subscriber & Spouse | B3: 1631.59 | D3: 1590.52
A4: Subscriber & Child(ren) | B4: 1386.86 | D4: 1351.94
A5: Family | B5: 2325.02 | D5: 2266.49
A6: Primary Care Office Visit | B6: $15 copay per visit | C6: Covered at 80%, subject to the deductible | D6: $30 copay per visit | E6: Covered at 80%, subject to the deductible
A7: Specialist Office Visit | B7: $35 copay per visit | C7: Covered at 80%, subject to the deductible | D7: $50 copay per visit | E7: Covered at 80%, subject to the deductible
A8: Coinsurance | B8: None | C8: Covered at 80% | D8: None | E8: Covered at 80%
A9: Deductible | B9: None | C9: Out-of-Network: $5,000 Individual / $10,000 Family | D9: None | E9: Out-of-Network: $5,000 Individual / $10,000 Family
A10: Out of pocket maximum | B10: $2,000 Individual / $4,000 Family | C10: $10,000 Individual / $20,000 Family | D10: $6,550 Individual / $13,100 Family | E10: $10,000 Individual / $20,000 Family
A11: Lifetime maximum | B11: None | C11: None | D11: None | E11: None
A12: Well child visits | B12: Covered In Full | C12: Covered at 80%, subject to the deductible | D12: Covered In Full | E12: Covered at 80%, subject to the deductible
A13: +Adult immunizations | B13: Covered In Full | C13: Covered at 80%, subject to the deductible | D13: Covered In Full | E13: Covered at 80%, subject to the deductible
A14: Routine GYN Exam | B14: Covered In Full | C14: Covered at 80%, subject to the deductible | D14: Covered In Full | E14: Covered at 80%, subject to the deductible
A15: +Prostate cancer screening | B15: Covered In Full | C15: Covered at 80%, subject to the deductible | D15: Covered In Full | E15: Covered at 80%, subject to the deductible
A16: Telemedicine and Telehealth Services | B16: Covered In Full | C16: Covered at 80%, subject to the deductible | D16: Covered In Full | E16: Covered at 80%, subject to the deductible
A17: Diagnostic x-rays | B17: $15 PCP copay; $35 Specialist copay per visit | C17: Covered at 80%, subject to the deductible | D17: $50 copay per visit | E17: Covered at 80%, subject to the deductible
... A31: Outpatient mental health care | B31: $15 copay per visit | C31: Covered at 80%, subject to the deductible | D31: 3 visits covered in full. Next visits covered at | E31: Covered at 80%, subject to the deductible
D32: $30 copay per visit
A33: Inpatient substance use | B33: Subject to $500 copay per admission for unlimited days | C33: Covered at 80%, per admission for unlimited days, subject to the deductible | D33: Subject to $750 copay per admission for unlimited days | E33: Covered at 80%, per admission for unlimited days, subject to the deductible
A34: Outpatient substance use | B34: $15 copay per visit | C34: Covered at 80%, subject to the deductible | D34: 3 visits covered in full. Next visits covered at | E34: Covered at 80%, subject to the deductible
D35: $30 copay per visit
A36: Outpatient therapy | B36: $25 per visit for physical, speech and occupational therapy for up to 60 visits per contract year | C36: Covered at 80%, subject to the deductible for physical, speech and occupational therapy for up to 60 visits per contract year | D36: $50 per visit for physical, speech and occupational therapy for up to 60 visits per contract year | E36: Covered at 80%, subject to the deductible for physical, speech and occupational therapy for up to 60 visits per contract year
A37: Durable medical equipment | B37: Covered at 90% | C37: Covered at 80%, subject to the deductible | D37: Covered at 50% | E37: Covered at 50%, subject to the deductible
A38: Chiropractic | B38: $35 copay | C38: Covered at 80%, subject to the deductible | D38: $30 copay per visit | E38: Covered at 80%, subject to the deductible
A39: Adult Routine Vision Exam | B39: Not Covered | C39: Not Covered | D39: One routine exam covered in full per year | E39: Covered at 80% for one routine exam every year, subject to the deductible
A40: Adult Eyewear | B40: Not Covered | C40: Not Covered | D40: Eyewear Reimbursement of $100 per year | E40: Eyewear Reimbursement of $100 per year
A41: Pediatric Dental: Preventative & Routine | B41: $15 per visit | C41: $15 per visit, subject to the deductible and balance billing | D41: Preventive covered at 100%. Routine covered at 80% | E41: Preventive covered at 100%, subject to balance billng. Routine covered at 80%,subject to the deductible and balance billing
A42: Plan Overview
A43: Plan ID | B43: 78124NY0980009-00 (SXM3) | D43: 78124NY0980185-00 (SYV5)
A44: Plan Name | B44: SimplyBlue Plus Standard Platinum | D44: SimplyBlue Plus Platinum 6
A45: Aggregation Design | B45: Individual Aggregation | D45: Individual Aggregation
A46: Plan Highlights | B46: Predictable out-of-pocket costs without a deductible, includes Active&Fit ExerciseRewards. | D46: Predictable out-of-pocket costs without a deductible, includes Active&Fit ExerciseRewards.
A47: Plan Type | B47: Copay | D47: Copay
A48: HSA Eligible | B48: No | D48: No
A49: Quote Effective | B49: 01/01/2022 - 03/31/2022 | D49: 01/01/2022 - 03/31/2022
A50: Rate ($) | B50: Small Group | D50: Small Group
A51: Plan features
A52: Primary Care Physician (PCP) | B52: Not Required | D52: Not Required
A53: Referrals | B53: Not Required | D53: Not Required
A54: Out of network benefits | B54: Covered at 80%, subject to the deductible | D54: Covered at 80%, subject to the deductible
A55: Out of area benefits | B55: Coverage provided worldwide through our BlueCard Network | D55: Coverage provided worldwide through our BlueCard Network
A56: Student/Dependent coverage | B56: Qualified dependents are covered to age 26 | D56: Qualified dependents are covered to age 26
A57: Domestic partner | B57: Covered | D57: Covered
A58: Wellness Incentives | B58: Active&Fit ExerciseRewards receive up to $600 in rewards a year by visiting a qualified fitness facility or by tracking your steps using a wearable device. Save on Gym memberships with Active&Fit Direct. | D58: Active&Fit ExerciseRewards receive up to $600 in rewards a year by visiting a qualified fitness facility or by tracking your steps using a wearable device. Save on Gym memberships with Active&Fit Direct.
A59: Plan cost-sharing highlights
A60: Plan cost-sharing highlights | B60: In-Network | C60: Out-of-Network | D60: In-Network | E60: Out-of-Network
A61: Plan Benefits
A62: Preventive Healthcare Services | B62: In-Network | C62: Out-of-Network | D62: In-Network | E62: Out-of-Network
A63: Adult routine physical exams | B63: Covered In Full | C63: Covered at 80%, subject to the deductible | D63: Covered In Full | E63: Covered at 80%, subject to the deductible
A64: +Mammography | B64: Covered In Full | C64: Covered at 80%, subject to the deductible | D64: Covered In Full | E64: Covered at 80%, subject to the deductible
A65: +Pap smear | B65: Covered In Full | C65: Covered at 80%, subject to the deductible | D65: Covered In Full | E65: Covered at 80%, subject to the deductible
A66: +Colonoscopy | B66: Preventive screenings covered in full | C66: Covered at 80%, subject to the deductible | D66: Preventive screenings covered in full | E66: Covered at 80%, subject to the deductible
A67: +Family Planning Services | B67: Covered In Full | C67: Covered at 80%, subject to the deductible | D67: Covered In Full | E67: Covered at 80%, subject to the deductible
A68: Physician Office Services | B68: In-Network | C68: Out-of-Network | D68: In-Network | E68: Out-of-Network
A69: Diagnostic office visits | B69: $15 PCP copay; $35 Specialist copay per visit | C69: Covered at 80%, subject to the deductible | D69: $30 PCP copay; $50 Specialist copay per visit | E69: Covered at 80%, subject to the deductible
A70: Advanced Imaging Services | B70: $35 copay per visit | C70: Covered at 80%, subject to the deductible | D70: $100 copay per visit | E70: Covered at 80%, subject to the deductible
A71: Allergy tests | B71: $15 PCP copay; $35 Specialist copay per visit | C71: Covered at 80%, subject to the deductible | D71: $30 PCP copay; $50 Specialist copay per visit | E71: Covered at 80%, subject to the deductible
A72: Allergy injections | B72: $15 PCP copay; $35 Specialist copay per visit | C72: Covered at 80%, subject to the deductible | D72: $30 PCP copay; $50 Specialist copay per visit | E72: Covered at 80%, subject to the deductible
A73: Maternity Services | B73: In-Network | C73: Out-of-Network | D73: In-Network | E73: Out-of-Network
... A75: Newborn nursery care | B75: Covered In Full | C75: Covered at 80%, per admission, subject to the | D75: Covered In Full | E75: Covered at 80%, per admission, subject to the
C76: deductible | E76: deductible
A77: Prescription Drug | B77: In-Network | C77: Out-of-Network | D77: In-Network | E77: Out-of-Network
A78: Diabetic drugs, insulin, and supplies | B78: $15 copay per 30 day supply | C78: Covered at 80%, subject to the deductible | D78: $30 copay per 30 day supply | E78: Covered at 80%, subject to the deductible
A79: Inpatient Hospital Benefits | B79: In-Network | C79: Out-of-Network | D79: In-Network | E79: Out-of-Network
A80: Hospital benefits | B80: Subject to $500 copay per admission for unlimited days | C80: Covered at 80%, per admission for unlimited days, subject to the deductible | D80: Subject to $750 copay per admission for unlimited days | E80: Covered at 80%, per admission for unlimited days, subject to the deductible
A81: Physician visits in the hospital | B81: Covered In Full | C81: Covered at 80%, subject to the deductible | D81: Covered In Full | E81: Covered at 80%, subject to the deductible per admission
A82: Inpatient physical rehabilitation | B82: Subject to $500 copay per admission for up to 60 days per contract year | C82: Covered at 80%, per admission for up to 60 days per contract year, subject to the deductible | D82: Subject to $750 copay per admission for up to 60 days per contract year | E82: Covered at 80%, per admission for up to 60 days per contract year, subject to the deductible
A83: Surgery | B83: $100 copay per visit | C83: Covered at 80%, subject to the deductible | D83: Covered In Full | E83: Covered at 80%, subject to the deductible per admission
A84: Anesthesia | B84: Covered In Full | C84: Covered at 80%, subject to the deductible | D84: Covered In Full | E84: Covered at 80%, subject to the deductible
A85: Emergency Care | B85: In-Network | C85: Out-of-Network | D85: In-Network | E85: Out-of-Network
A86: Outpatient Hospital Benefits | B86: In-Network | C86: Out-of-Network | D86: In-Network | E86: Out-of-Network
A87: Diagnostic x-rays | B87: $35 copay per visit | C87: Covered at 80%, subject to the deductible | D87: $50 copay per visit | E87: Covered at 80%, subject to the deductible
A88: Advanced Imaging Services | B88: $35 copay per visit | C88: Covered at 80%, subject to the deductible | D88: $100 copay per visit | E88: Covered at 80%, subject to the deductible
... A104: Accidental Dental - Outpatient Surgical | B104: $100 copay per visit for accidental injury to sound, natural teeth and for care due to congenital disease or anomaly | C104: Covered at 80% for accidental injury to sound, natural teeth and for care due to congenital disease or anomaly, subject to the deductible | D104: $250 copay per visit for accidental injury to sound, natural teeth and for care due to congenital disease or anomaly | E104: Covered at 80% for accidental injury to sound, natural teeth and for care due to congenital disease or anomaly, subject to the deductible

Sheet Silver 1
B1: SimplyBlue Plus Silver 6 | D1: SimplyBlue Plus Silver 2 | F1: SimplyBlue Plus Silver 19
A2: Single | B2: 555.42 | D2: 557.23 | F2: 562.09
A3: Subscriber & Spouse | B3: 1110.84 | D3: 1114.47 | F3: 1124.18
A4: Subscriber & Child(ren) | B4: 944.22 | D4: 947.3 | F4: 955.56
A5: Family | B5: 1582.95 | D5: 1588.11 | F5: 1601.96
A6: Primary Care Office Visit | B6: $40 copay per visit, subject to deductible | C6: Covered at 50%, subject to the deductible | D6: Covered at 80%, subject to the deductible | E6: Covered at 60%, subject to the deductible | F6: $25 copay per visit, subject to deductible | G6: Covered at 60%, subject to the deductible
A7: Specialist Office Visit | B7: $60 copay per visit, subject to deductible | C7: Covered at 50%, subject to the deductible | D7: Covered at 80%, subject to the deductible | E7: Covered at 60%, subject to the deductible | F7: $50 copay per visit, subject to deductible | G7: Covered at 60%, subject to the deductible
A8: Coinsurance | B8: Covered at 75% | C8: Covered at 50% | D8: Covered at 80% | E8: Covered at 60% | F8: Covered at 100% | G8: Covered at 60%
A9: Deductible | B9: In-Network: $2,500 Individual / | C9: Out-of-Network: $5,000 Individual / $10,000 Family | D9: In-Network: $2,600 Individual / | E9: Out-of-Network: $5,000 Individual / $10,000 Family | F9: In-Network: $2,500 Individual / | G9: Out-of-Network: $5,000 Individual / $10,000 Family
B10: $5,000 Family | D10: $5,200 Family | F10: $5,000 Family
A11: Out of pocket maximum | B11: $8,000 Individual / $16,000 Family | C11: $10,000 Individual / $20,000 Family | D11: $7,000 Individual / $14,000 Family | E11: $10,000 Individual / $20,000 Family | F11: $6,750 Individual / $13,500 Family | G11: $10,000 Individual / $20,000 Family
A12: Well child visits | B12: Covered In Full | C12: Covered at 50%, subject to the deductible | D12: Covered In Full | E12: Covered at 60%, subject to the deductible | F12: Covered In Full | G12: Covered at 60%, subject to the deductible
A13: Routine GYN Exam | B13: Covered In Full | C13: Covered at 50%, subject to the deductible | D13: Covered In Full | E13: Covered at 60%, subject to the deductible | F13: Covered In Full | G13: Covered at 60%, subject to the deductible
A14: +Prostate cancer screening | B14: Covered In Full | C14: Covered at 50%, subject to the deductible | D14: Covered In Full | E14: Covered at 60%, subject to the deductible | F14: Covered In Full | G14: Covered at 60%, subject to the deductible
A15: Telemedicine and Telehealth Services | B15: Covered In Full, subject to deductible | C15: Covered at 50%, subject to the deductible | D15: Covered In Full, subject to deductible | E15: Covered at 60%, subject to the deductible | F15: Covered In Full, subject to deductible | G15: Covered at 60%, subject to the deductible
A16: Diagnostic x-rays | B16: $60 copay per visit, subject to the deductible | C16: Covered at 50%, subject to the deductible | D16: Covered at 80%, subject to the deductible | E16: Covered at 60%, subject to the deductible | F16: $50 copay per visit, subject to deductible | G16: Covered at 60%, subject to the deductible
A17: Diagnostic laboratory and pathology | B17: $40 copay per visit, subject to the deductible | C17: Covered at 50%, subject to the deductible | D17: Covered at 80%, subject to the deductible | E17: Covered at 60%, subject to the deductible | F17: $25 copay per visit, subject to deductible | G17: Covered at 60%, subject to the deductible
A18: Chemotherapy | B18: $40 PCP copay per visit, subject to deductible | C18: Covered at 50%, subject to the deductible | D18: Covered at 80%, subject to the deductible | E18: Covered at 60%, subject to the deductible | F18: $25 PCP copay per visit, subject to deductible | G18: Covered at 60%, subject to the deductible
A19: Radiation therapy | B19: $60 copay per visit, subject to the deductible | C19: Covered at 50%, subject to the deductible | D19: Covered at 80%, subject to the deductible | E19: Covered at 60%, subject to the deductible | F19: $50 PCP copay per visit, subject to deductible | G19: Covered at 60%, subject to the deductible
A20: Prenatal care | B20: Covered in full (Cost share may apply to ultrasounds, lab work and sick visits) | C20: Covered at 50%, subject to the deductible | D20: Covered in full (Cost share may apply to ultrasounds, lab work and sick visits) | E20: Covered at 60%, subject to the deductible | F20: Covered in full (Cost share may apply to ultrasounds, lab work and sick visits) | G20: Covered at 60%, subject to the deductible
A21: Prescription Drug Coverage | B21: $5/$45/$90 | C21: Not Covered | D21: $5/$45/$90, subject to the plan deductible. Preventive drugs are not subject to the deductible; they are subject to the applicable copay or coinsurance. | E21: Not Covered | F21: $5/$45/$90, subject to the plan deductible. Preventive drugs are not subject to the deductible; they are subject to the applicable copay or coinsurance. | G21: Not Covered
A22: Emergency room care | B22: $350 copay per visit, subject to deductible | C22: $350 copay per visit, subject to deductible | D22: Covered at 80%, subject to the deductible | E22: Covered at 80%, subject to the deductible | F22: $300 copay per visit, subject to deductible | G22: $300 copay per visit, subject to deductible
... A37: Adult Eyewear | B37: Eyewear Reimbursement of | C37: Eyewear Reimbursement of | D37: Eyewear Reimbursement of | E37: Eyewear Reimbursement of | F37: Eyewear Reimbursement of | G37: Eyewear Reimbursement of
B38: $100 per year | C38: $100 per year | D38: $100 per year | E38: $100 per year | F38: $100 per year | G38: $100 per year
A39: Pediatric Dental: Preventative & Routine | B39: Preventive covered at 100%. Routine covered at 80%, subject to the deductible | C39: Preventive covered at 100%, subject to balance billing. | D39: Preventive cleaning and exams not subject to the deductible. Preventive services covered at 100%, subject to the deductible. Routine services covered at 80%, subject to the deductible | E39: Preventive cleaning and exams not subject to the deductible. Preventive services covered at 100%, subject to the deductible. Routine services covered at 80%, subject to the deductible and balance billing | F39: Preventive cleaning and exams not subject to the deductible. Preventive services covered at 100%, subject to the deductible. Routine services covered at 80%, subject to the deductible | G39: Preventive cleaning and exams not subject to the deductible. Preventive services covered at 100%, subject to the deductible. Routine services covered at 80%, subject to the deductible and balance billing
C40: Routine covered at 80%, subject to the deductible and balance billing
A41: Plan Overview
A42: Plan ID | B42: 78124NY0990105-01 (GMC9) | D42: 78124NY1000057-01 (GLT3) | F42: 78124NY1000297-01 (GMZ3)
A43: Plan Name | B43: SimplyBlue Plus Silver 6 | D43: SimplyBlue Plus Silver 2 | F43: SimplyBlue Plus Silver 19
A44: Aggregation Design | B44: Individual Aggregation | D44: Family Aggregation | F44: Family Aggregation
A45: Plan Highlights | B45: A deductible is applied to all covered medical benefits, prescription drugs are not subject to the deductible. Preventive services are covered in full. Plan includes Active&Fit ExerciseRewards. | D45: A deductible is applied to all covered medical and prescription drug benefits. Preventive services are covered in full. Plan includes Active&Fit ExerciseRewards. | F45: A deductible is applied to all covered medical and prescription drug benefits. Preventive services are covered in full. Plan includes Active&Fit ExerciseRewards.
A46: Plan Type | B46: Hybrid | D46: Deductible HSA | F46: Deductible HSA
A47: HSA Eligible | B47: No | D47: Yes | F47: Yes
A48: Quote Effective | B48: 01/01/2022 - 03/31/2022 | D48: 01/01/2022 - 03/31/2022 | F48: 01/01/2022 - 03/31/2022
A49: Rate ($) | B49: Small Group | D49: Small Group | F49: Small Group
A50: Plan features
A51: Primary Care Physician (PCP) | B51: Not Required | D51: Not Required | F51: Not Required
A52: Referrals | B52: Not Required | D52: Not Required | F52: Not Required
A53: Out of network benefits | B53: Covered at 50%, subject to the deductible | D53: Covered at 60%, subject to the deductible | F53: Covered at 60%, subject to the deductible
A54: Out of area benefits | B54: Coverage provided worldwide through our BlueCard Network | D54: Coverage provided worldwide through our BlueCard Network | F54: Coverage provided worldwide through our BlueCard Network
A55: Student/Dependent coverage | B55: Qualified dependents are covered to age 26 | D55: Qualified dependents are covered to age 26 | F55: Qualified dependents are covered to age 26
A56: Domestic partner | B56: Covered | D56: Covered | F56: Covered
A57: Wellness Incentives | B57: Active&Fit ExerciseRewards receive up to $600 in rewards a year by visiting a qualified fitness facility or by tracking your steps using a wearable device. Save on Gym memberships with Active&Fit Direct. | D57: Active&Fit ExerciseRewards receive up to $600 in rewards a year by visiting a qualified fitness facility or by tracking your steps using a wearable device. Save on Gym memberships with Active&Fit Direct. | F57: Active&Fit ExerciseRewards receive up to $600 in rewards a year by visiting a qualified fitness facility or by tracking your steps using a wearable device. Save on Gym memberships with Active&Fit Direct.
A58: Plan cost-sharing highlights
A59: Plan cost-sharing highlights | B59: In-Network | C59: Out-of-Network | D59: In-Network | E59: Out-of-Network | F59: In-Network | G59: Out-of-Network
A60: Lifetime maximum | B60: None | C60: None | D60: None | E60: None | F60: None | G60: None
A61: Plan Benefits
A62: Preventive Healthcare Services | B62: In-Network | C62: Out-of-Network | D62: In-Network | E62: Out-of-Network | F62: In-Network | G62: Out-of-Network
A63: Adult routine physical exams | B63: Covered In Full | C63: Covered at 50%, subject to the deductible | D63: Covered In Full | E63: Covered at 60%, subject to the deductible | F63: Covered In Full | G63: Covered at 60%, subject to the deductible
A64: +Adult immunizations | B64: Covered In Full | C64: Covered at 50%, subject to the deductible | D64: Covered In Full | E64: Covered at 60%, subject to the deductible | F64: Covered In Full | G64: Covered at 60%, subject to the deductible
A65: +Mammography | B65: Covered In Full | C65: Covered at 50%, subject to the deductible | D65: Covered In Full | E65: Covered at 60%, subject to the deductible | F65: Covered In Full | G65: Covered at 60%, subject to the deductible
A66: +Pap smear | B66: Covered In Full | C66: Covered at 50%, subject to the deductible | D66: Covered In Full | E66: Covered at 60%, subject to the deductible | F66: Covered In Full | G66: Covered at 60%, subject to the deductible
A67: +Colonoscopy | B67: Preventive screenings covered in full | C67: Covered at 50%, subject to the deductible | D67: Preventive screenings covered in full | E67: Covered at 60%, subject to the deductible | F67: Preventive screenings covered in full | G67: Covered at 60%, subject to the deductible
A68: +Family Planning Services | B68: Covered In Full | C68: Covered at 50%, subject to the deductible | D68: Covered In Full | E68: Covered at 60%, subject to the deductible | F68: Covered In Full | G68: Covered at 60%, subject to the deductible
A69: Physician Office Services | B69: In-Network | C69: Out-of-Network | D69: In-Network | E69: Out-of-Network | F69: In-Network | G69: Out-of-Network
A70: Diagnostic office visits | B70: $40 PCP copay; $60 Specialist copay per visit, subject to deductible | C70: Covered at 50%, subject to the deductible | D70: Covered at 80%, subject to the deductible | E70: Covered at 60%, subject to the deductible | F70: $25 PCP copay; $50 Specialist copay per visit, subject to deductible. | G70: Covered at 60%, subject to the deductible
A71: Advanced Imaging | B71: $100 copay per visit, subject | C71: Covered at 50%, subject to | D71: Covered at 80%, subject to | E71: Covered at 60%, subject to | F71: $100 copay per visit, subject | G71: Covered at 60%, subject to
A72: Services | B72: to the deductible | C72: the deductible | D72: the deductible | E72: the deductible | F72: to the deductible | G72: the deductible
A73: Allergy tests | B73: $40 PCP copay; $60 Specialist copay per visit, subject to deductible | C73: Covered at 50%, subject to the deductible | D73: Covered at 80%, subject to the deductible | E73: Covered at 60%, subject to the deductible | F73: $25 PCP copay; $50 Specialist copay per visit, subject to deductible | G73: Covered at 60%, subject to the deductible
... A94: Hospice | B94: Covered at 75% for up to 210 | C94: Covered at 50% for up to 210 | D94: Covered at 80% for up to 210 | E94: Covered at 60% for up to 210 | F94: Subject to $500 copay per | G94: Covered at 60% for up to 210
B95: visits per year, subject to the deductible | C95: visits per year, subject to the deductible | D95: visits per year, subject to the deductible | E95: visits per year, subject to the deductible | F95: admission for up to 210 days per year, subject to the deductible | G95: visits per year, subject to the deductible
A96: External prosthetics | B96: Covered at 50%, subject to the deductible | C96: Covered at 50%, subject to the deductible | D96: Covered at 50%, subject to the deductible | E96: Covered at 50%, subject to the deductible | F96: Covered at 50%, subject to the deductible | G96: Covered at 50%, subject to the deductible
A97: Acupuncture | B97: $60 copay per visit, subject to the deductible | C97: Covered at 50%, subject to the deductible | D97: Covered at 80%, subject to the deductible | E97: Covered at 60%, subject to the deductible | F97: $50 copay per visit, subject to deductible | G97: Covered at 60%, subject to the deductible
A98: Hearing Aids | B98: Covered at 50% , subject to the deductible for a single purchase once every 3 years | C98: Covered at 50%, subject to the deductible for a single purchase once every 3 years | D98: Covered at 50% , subject to the deductible for a single purchase once every 3 years | E98: Covered at 50%, subject to the deductible for a single purchase once every 3 years | F98: Covered at 50% , subject to the deductible for a single purchase once every 3 years | G98: Covered at 50%, subject to the deductible for a single purchase once every 3 years
A99: Vision Benefits | B99: In-Network | C99: Out-of-Network | D99: In-Network | E99: Out-of-Network | F99: In-Network | G99: Out-of-Network
A100: Adult Diagnostic Vision | B100: $60 copay per visit, subject to the deductible | C100: Covered at 50%, subject to the deductible | D100: Covered at 80%, subject to the deductible | E100: Covered at 60%, subject to the deductible | F100: $50 copay per visit, subject to deductible | G100: Covered at 60%, subject to the deductible
A101: Pediatric Routine Vision Exam | B101: $60 copay per visit for one routine exam every year, subject to deductible | C101: Covered at 50% for one routine exam every year, subject to the deductible | D101: Covered at 80% for one routine exam every year, subject to the deductible | E101: Covered at 60% for one routine exam every year, subject to the deductible | F101: $50 copay per visit for one routine exam every year, subject to the deductible | G101: Covered at 60% for one routine exam every year, subject to the deductible
A102: Pediatric Eyewear | B102: Covered at 50%, subject to the deductible for one purchase per plan year | C102: Covered at 50%, subject to the deductible for one purchase per plan year | D102: Covered at 50%, subject to the deductible for one purchase per plan year | E102: Covered at 50%, subject to the deductible for one purchase per plan year | F102: Covered at 50%, subject to the deductible for one purchase per plan year | G102: Covered at 50%, subject to the deductible for one purchase per plan year
A103: Dental Benefits | B103: In-Network | C103: Out-of-Network | D103: In-Network | E103: Out-of-Network | F103: In-Network | G103: Out-of-Network
A104: Adult Dental Care | B104: Not Covered | C104: Not Covered | D104: Not Covered | E104: Not Covered | F104: Not Covered | G104: Not Covered
A105: Pediatric Major Dental Care & Medical Ortho | B105: Covered at 50%, subject to the deductible | C105: Covered at 50%, subject to the deductible and balance billing | D105: Covered at 50%, subject to the deductible | E105: Covered at 50%, subject to the deductible and balance billing | F105: Covered at 50%, subject to the deductible | G105: Covered at 50%, subject to the deductible and balance billing
A106: Accidental Dental - | B106: Covered at 75% for accidental | C106: Covered at 50% for accidental | D106: Covered at 80% for accidental | E106: Covered at 60% for accidental | F106: $300 copay per visit for | G106: Covered at 60% for accidental
A107: Outpatient Surgical | B107: injury to sound, natural teeth and for care due to congenital disease or anomaly, subject to the deductible | C107: injury to sound, natural teeth and for care due to congenital disease or anomaly, subject to the deductible | D107: injury to sound, natural teeth and for care due to congenital disease or anomaly, subject to the deductible | E107: injury to sound, natural teeth and for care due to congenital disease or anomaly, subject to the deductible | F107: accidental injury to sound, natural teeth and for care due to congenital disease or anomaly, subject to the deductible | G107: injury to sound, natural teeth and for care due to congenital disease or anomaly, subject to the deductible

Sheet Healthy NY
B1: Healthy New York EPO | D1: Healthy New York EPO
A2: Plan Overview
A3: Plan ID | B3: 78124NY1110009-00 | D3: 78124NY1110009-00 (SYI7)
A4: Plan Name | B4: Healthy New York EPO | D4: Healthy New York EPO
A5: Aggregation Design | B5: Individual Aggregation | D5: Individual Aggregation
A6: Plan Highlights | B6: A deductible is applied to all covered medical benefits, prescription drugs are not subject to the deductible. Preventive services are covered in full. Plan includes ExerciseRewards. | D6: A deductible is applied to all covered medical benefits, prescription drugs are not subject to the deductible. Preventive services are covered in full. Plan includes Active&Fit ExerciseRewards.
A7: Plan Type | B7: Hybrid | D7: Hybrid
A8: HSA Eligible | B8: No | D8: No
A9: Quote Effective | B9: 01/01/2021 - 03/31/2021 | D9: 01/01/2022 - 03/31/2022
A10: Rate ($) | B10: Small Group | D10: Small Group
A11: Single | B11: 360.93 | D11: 392.94
A12: Subscriber & Spouse | B12: 721.86 | D12: 785.88
A13: Subscriber & Child(ren) | B13: 613.58 | D13: 668
A14: Family | B14: 1028.66 | D14: 1119.89
A15: Plan features
A16: Primary Care Physician (PCP) | B16: Not Required | D16: Not Required
A17: Referrals | B17: Not Required | D17: Not Required
A18: Out of network benefits | B18: Not Covered | D18: Not Covered
A19: Out of area benefits | B19: Coverage provided worldwide through our BlueCardÂ® Network | D19: Coverage provided worldwide through our BlueCard Network
A20: Student/Dependent coverage | B20: Qualified dependents are covered to age 26 | D20: Qualified dependents are covered to age 26
A21: Domestic partner | B21: Covered | D21: Covered
A22: Wellness Incentives | B22: ExerciseRewardsÃ‚Â® receive up to $600 in rewards a year by visiting a qualified fitness facility and save on Gym memberships with Active&Fit DirectÃ¢â€žÂ¢. | D22: Active&Fit ExerciseRewards receive up to $600 in rewards a year by visiting a qualified fitness facility or by tracking your steps using a wearable device. Save on Gym memberships with Active&Fit Direct.
A23: Plan cost-sharing highlights
A24: Plan cost-sharing highlights | B24: In-Network | C24: Out-of-Network | D24: In-Network | E24: Out-of-Network
A25: Primary Care Office Visit | B25: $25 copay per visit, subject to deductible | C25: Not Covered | D25: $25 copay per visit, subject to deductible | E25: Not Covered
A26: Specialist Office Visit | B26: $40 copay per visit, subject to deductible | C26: Not Covered | D26: $40 copay per visit, subject to deductible | E26: Not Covered
A27: Coinsurance | B27: Covered at 100% | C27: Not Covered | D27: Covered at 100% | E27: Not Covered
A28: Deductible | B28: In-Network: $600 Individual / $1,200 Family | C28: Not Covered | D28: In-Network: $600 Individual / $1,200 Family | E28: Not Covered
A29: Out of pocket maximum | B29: In-Network: $4,000 Individual / $8,000 Family | C29: Not Covered | D29: $4,000 Individual / $8,000 Family | E29: Not Covered
A30: Lifetime maximum | B30: None | C30: None | D30: None | E30: None
A31: Plan Benefits
A32: Preventive Healthcare Services | B32: In-Network | C32: Out-of-Network | D32: In-Network | E32: Out-of-Network
A33: Well child visits | B33: Covered In Full | C33: Not Covered | D33: Covered In Full | E33: Not Covered
A34: Adult routine physical exams | B34: Covered In Full | C34: Not Covered | D34: Covered In Full | E34: Not Covered
A35: +Adult immunizations | B35: Covered In Full | C35: Not Covered | D35: Covered In Full | E35: Not Covered
A36: +Mammography | B36: Covered In Full | C36: Not Covered | D36: Covered In Full | E36: Not Covered
A37: +Pap smear | B37: Covered In Full | C37: Not Covered | D37: Covered In Full | E37: Not Covered
A38: Routine GYN Exam | B38: Covered In Full | C38: Not Covered | D38: Covered In Full | E38: Not Covered
A39: +Prostate cancer screening | B39: Covered In Full | C39: Not Covered | D39: Covered In Full | E39: Not Covered
A40: +Colonoscopy | B40: Preventive screenings covered in full | C40: Not Covered | D40: Preventive screenings covered in full | E40: Not Covered
A41: +Family Planning Services | B41: Covered in full | C41: Not Covered | D41: Covered In Full | E41: Not Covered
A42: Physician Office Services | B42: In-Network | C42: Out-of-Network | D42: In-Network | E42: Out-of-Network
A43: Diagnostic office visits | B43: $25 PCP copay; $40 Specialist copay per visit, subject to deductible | C43: Not Covered | D43: $25 PCP copay; $40 Specialist copay per visit, subject to deductible | E43: Not Covered
... A54: Hospital care for mom | B54: Subject to $1,000 copay per admission, | C54: Not Covered | D54: Subject to $1,000 copay per admission, | E54: Not Covered
A55: (including delivery) | B55: subject to the deductible | D55: subject to the deductible
A56: Newborn nursery care | B56: Covered In Full, subject to deductible | C56: Not Covered | D56: Covered In Full, subject to deductible | E56: Not Covered
A57: Prescription Drug | B57: In-Network | C57: Out-of-Network | D57: In-Network | E57: Out-of-Network
A58: Prescription Drug Coverage | B58: $10/$35/$70 | C58: Not Covered | D58: $10/$35/$70 | E58: Not Covered
A59: Diabetic drugs, insulin, and supplies | B59: $25 copay, subject to deductible per 30 day supply | C59: Not Covered | D59: $25 copay, subject to deductible per 30 day supply | E59: Not Covered
A60: Inpatient Hospital Benefits | B60: In-Network | C60: Out-of-Network | D60: In-Network | E60: Out-of-Network
A61: Hospital benefits | B61: Subject to $1,000 copay per admission for unlimited days, subject to the deductible | C61: Not Covered | D61: Subject to $1,000 copay per admission for unlimited days, subject to the deductible | E61: Not Covered
A62: Physician visits in the hospital | B62: Covered In Full | C62: Not Covered | D62: Covered In Full | E62: Not Covered
A63: Inpatient physical rehabilitation | B63: Subject to $1,000 copay per admission for up to 60 days per contract year, subject to the deductible | C63: Not Covered | D63: Subject to $1,000 copay per admission for up to 60 days per contract year, subject to the deductible | E63: Not Covered
A64: Surgery | B64: $100 copay per visit, subject to deductible | C64: Not Covered | D64: $100 copay per visit, subject to deductible | E64: Not Covered
A65: Anesthesia | B65: Covered In Full | C65: Not Covered | D65: Covered In Full | E65: Not Covered
A66: Emergency Care | B66: In-Network | C66: Out-of-Network | D66: In-Network | E66: Out-of-Network
A67: Emergency room care | B67: $150 copay per visit, subject to deductible | C67: $150 copay per visit, subject to deductible | D67: $150 copay per visit, subject to deductible | E67: $150 copay per visit, subject to deductible
... A102: Accidental Dental - Outpatient Surgical | B102: $100 copay per visit for accidental injury to sound, natural teeth and for care due to congenital disease or anomaly, subject to the deductible | C102: Not Covered | D102: $100 copay per visit for accidental injury to sound, natural teeth and for care due to congenital disease or anomaly, subject to the deductible | E102: Not Covered

Sheet Silver 2
B1: SimplyBlue Plus Silver 18 | D1: SimplyBlue Plus Silver 14 | F1: SimplyBlue Plus Silver 16 | H1: SimplyBlue Plus Silver 17
A2: Single | B2: 462.05 | D2: 550.27 | F2: 546.37 | H2: 521.23
A3: Subscriber & Spouse | B3: 924.1 | D3: 1100.55 | F3: 1092.74 | H3: 1042.46
A4: Subscriber & Child(ren) | B4: 785.49 | D4: 935.46 | F4: 928.82 | H4: 886.09
A5: Family | B5: 1316.84 | D5: 1568.29 | F5: 1557.16 | H5: 1485.51
A6: Primary Care Office Visit | B6: $50 copay per visit | C6: Covered at 100%, subject to the deductible | D6: Covered at 80%, subject to the deductible | E6: Covered at 60%, subject to the deductible | F6: Covered at 80%, subject to the deductible | G6: Covered at 60%, subject to the deductible | H6: Covered at 80%, subject to the deductible | I6: Covered at 60%, subject to the deductible
A7: Specialist Office Visit | B7: $75 copay per visit | C7: Covered at 100%, subject to the deductible | D7: Covered at 80%, subject to the deductible | E7: Covered at 60%, subject to the deductible | F7: Covered at 80%, subject to the deductible | G7: Covered at 60%, subject to the deductible | H7: Covered at 80%, subject to the deductible | I7: Covered at 60%, subject to the deductible
A8: Coinsurance | B8: Covered at 70% | C8: Covered at 100% | D8: Covered at 80% | E8: Covered at 60% | F8: Covered at 80% | G8: Covered at 60% | H8: Covered at 80% | I8: Covered at 60%
A9: Deductible | B9: In-Network: $7,500 Individual / $15,000 Family | C9: Out-of-Network: | D9: In-Network: $2,800 Individual / $5,600 Family | E9: Out-of-Network: | F9: In-Network: $3,200 Individual / $6,400 Family | G9: Out-of-Network: | H9: In-Network: $3,600 Individual / $7,200 Family | I9: Out-of-Network:
C10: $10,000 Individual / | E10: $5,000 Individual / | G10: $5,000 Individual / | I10: $5,000 Individual /
C11: $20,000 Family | E11: $10,000 Family | G11: $10,000 Family | I11: $10,000 Family
A12: Out of pocket maximum | B12: $8,250 Individual / | C12: $10,000 Individual / | D12: $6,550 Individual / | E12: $10,000 Individual / | F12: $6,550 Individual / | G12: $10,000 Individual / | H12: $6,550 Individual / | I12: $10,000 Individual /
B13: $16,500 Family | C13: $20,000 Family | D13: $13,100 Family | E13: $20,000 Family | F13: $13,100 Family | G13: $20,000 Family | H13: $13,100 Family | I13: $20,000 Family
A14: Adult routine physical exams | B14: Covered In Full | C14: Covered at 100%, subject to the deductible | D14: Covered In Full | E14: Covered at 60%, subject to the deductible | F14: Covered In Full | G14: Covered at 60%, subject to the deductible | H14: Covered In Full | I14: Covered at 60%, subject to the deductible
A15: Routine GYN Exam | B15: Covered In Full | C15: Covered at 100%, subject to the deductible | D15: Covered In Full | E15: Covered at 60%, subject to the deductible | F15: Covered In Full | G15: Covered at 60%, subject to the deductible | H15: Covered In Full | I15: Covered at 60%, subject to the deductible
A16: +Prostate cancer screening | B16: Covered In Full | C16: Covered at 100%, subject to the deductible | D16: Covered In Full | E16: Covered at 60%, subject to the deductible | F16: Covered In Full | G16: Covered at 60%, subject to the deductible | H16: Covered In Full | I16: Covered at 60%, subject to the deductible
A17: Telemedicine and Telehealth Services | B17: Covered In Full | C17: Covered at 100%, subject to the deductible | D17: Covered In Full, subject to deductible | E17: Covered at 60%, subject to the deductible | F17: Covered In Full, subject to deductible | G17: Covered at 60%, subject to the deductible | H17: Covered In Full, subject to deductible | I17: Covered at 60%, subject to the deductible
A18: Diagnostic x-rays | B18: $75 copay per visit | C18: Covered at 100%, subject to the deductible | D18: Covered at 80%, subject to the deductible | E18: Covered at 60%, subject to the deductible | F18: Covered at 80%, subject to the deductible | G18: Covered at 60%, subject to the deductible | H18: Covered at 80%, subject to the deductible | I18: Covered at 60%, subject to the deductible
A19: Diagnostic laboratory and pathology | B19: $50 copay per visit | C19: Covered at 100%, subject to the deductible | D19: Covered at 80%, subject to the deductible | E19: Covered at 60%, subject to the deductible | F19: Covered at 80%, subject to the deductible | G19: Covered at 60%, subject to the deductible | H19: Covered at 80%, subject to the deductible | I19: Covered at 60%, subject to the deductible
A20: Chemotherapy | B20: $50 copay per visit | C20: Covered at 100%, subject to the deductible | D20: Covered at 80%, subject to the deductible | E20: Covered at 60%, subject to the deductible | F20: Covered at 80%, subject to the deductible | G20: Covered at 60%, subject to the deductible | H20: Covered at 80%, subject to the deductible | I20: Covered at 60%, subject to the deductible
A21: Radiation therapy | B21: $75 copay per visit | C21: Covered at 100%, subject to the deductible | D21: Covered at 80%, subject to the deductible | E21: Covered at 60%, subject to the deductible | F21: Covered at 80%, subject to the deductible | G21: Covered at 60%, subject to the deductible | H21: Covered at 80%, subject to the deductible | I21: Covered at 60%, subject to the deductible
A22: Prenatal care | B22: Covered in full (Cost share may apply to ultrasounds, lab work and sick visits) | C22: Covered at 100%, subject to the deductible | D22: Covered in full (Cost share may apply to ultrasounds, lab work and sick visits) | E22: Covered at 60%, subject to the deductible | F22: Covered in full (Cost share may apply to ultrasounds, lab work and sick visits) | G22: Covered at 60%, subject to the deductible | H22: Covered in full (Cost share may apply to ultrasounds, lab work and sick visits) | I22: Covered at 60%, subject to the deductible
A23: Prescription Drug Coverage | B23: $10/40%/50% | C23: Not Covered | D23: $5/$45/$90, subject to the plan deductible. | E23: Not Covered | F23: $5/$45/$90, subject to the plan deductible. | G23: Not Covered | H23: $5/$35/$70, subject to the plan deductible. | I23: Not Covered
D24: Preventive drugs are not subject to the | F24: Preventive drugs are not subject to the | H24: Preventive drugs are not subject to the
A25: Emergency room care | B25: $650 copay per visit | C25: $650 copay per visit | D25: Covered at 80%, subject to the deductible | E25: Covered at 80%, subject to the deductible | F25: Covered at 80%, subject to the deductible | G25: Covered at 80%, subject to the deductible | H25: Covered at 80%, subject to the deductible | I25: Covered at 80%, subject to the deductible
A26: Freestanding urgent care center | B26: $75 copay per visit | C26: Covered at 100%, subject to the deductible | D26: Covered at 80%, subject to the deductible | E26: Covered at 60%, subject to the deductible | F26: Covered at 80%, subject to the deductible | G26: Covered at 60%, subject to the deductible | H26: Covered at 80%, subject to the deductible | I26: Covered at 60%, subject to the deductible
A27: Ambulance | B27: $650 copay per visit | C27: $650 copay per visit | D27: Covered at 80%, subject to the deductible | E27: Covered at 80%, subject to the deductible | F27: Covered at 80%, subject to the deductible | G27: Covered at 80%, subject to the deductible | H27: Covered at 80%, subject to the deductible | I27: Covered at 80%, subject to the deductible
A28: Diagnostic laboratory and pathology | B28: $50 copay per visit | C28: Covered at 100%, subject to the | D28: Covered at 80%, subject to the | E28: Covered at 60%, subject to the | F28: Covered at 80%, subject to the | G28: Covered at 60%, subject to the | H28: Covered at 80%, subject to the | I28: Covered at 60%, subject to the
C29: deductible | D29: deductible | E29: deductible | F29: deductible | G29: deductible | H29: deductible | I29: deductible
A30: Surgical Care Facility Fee | B30: Covered at 70%, subject to the deductible | C30: Covered at 100%, subject to the deductible | D30: Covered at 80%, subject to the deductible | E30: Covered at 60%, subject to the deductible | F30: Covered at 80%, subject to the deductible | G30: Covered at 60%, subject to the deductible | H30: Covered at 80%, subject to the deductible | I30: Covered at 60%, subject to the deductible
A31: Chemotherapy | B31: $50 copay per visit | C31: Covered at 100%, subject to the deductible | D31: Covered at 80%, subject to the deductible | E31: Covered at 60%, subject to the deductible | F31: Covered at 80%, subject to the deductible | G31: Covered at 60%, subject to the deductible | H31: Covered at 80%, subject to the deductible | I31: Covered at 60%, subject to the deductible
A32: Radiation Therapy | B32: $75 copay per visit | C32: Covered at 100%, subject to the deductible | D32: Covered at 80%, subject to the deductible | E32: Covered at 60%, subject to the deductible | F32: Covered at 80%, subject to the deductible | G32: Covered at 60%, subject to the deductible | H32: Covered at 80%, subject to the deductible | I32: Covered at 60%, subject to the deductible
A33: Inpatient mental health care | B33: Covered at 70% per admission for unlimited days, subject to the deductible | C33: Covered at 100% per admission for unlimited days, subject to the deductible | D33: Covered at 80% per admission for unlimited days, subject to the deductible | E33: Covered at 60% per admission for unlimited days, subject to the deductible | F33: Covered at 80% per admission for unlimited days, subject to the deductible | G33: Covered at 60% per admission for unlimited days, subject to the deductible | H33: Covered at 80% per admission for unlimited days, subject to the deductible | I33: Covered at 60% per admission for unlimited days, subject to the deductible
A34: Outpatient mental health care | B34: 3 visits covered in full. Next visits covered at | C34: Covered at 100%, subject to the deductible | D34: Covered at 80%, subject to the deductible | E34: Covered at 60%, subject to the deductible | F34: Covered at 80%, subject to the deductible | G34: Covered at 60%, subject to the deductible | H34: Covered at 80%, subject to the deductible | I34: Covered at 60%, subject to the deductible
B35: $50 copay per visit
A36: Inpatient substance use | B36: Covered at 70% per admission for unlimited days, subject to the deductible | C36: Covered at 100% per admission for unlimited days, subject to the deductible | D36: Covered at 80% per admission for unlimited days, subject to the deductible | E36: Covered at 60% per admission for unlimited days, subject to the deductible | F36: Covered at 80% per admission for unlimited days, subject to the deductible | G36: Covered at 60% per admission for unlimited days, subject to the deductible | H36: Covered at 80% per admission for unlimited days, subject to the deductible | I36: Covered at 60% per admission for unlimited days, subject to the deductible
A37: Outpatient substance use | B37: 3 visits covered in full. Next visits covered at | C37: Covered at 100%, subject to the deductible | D37: Covered at 80%, subject to the deductible | E37: Covered at 60%, subject to the deductible | F37: Covered at 80%, subject to the deductible | G37: Covered at 60%, subject to the deductible | H37: Covered at 80%, subject to the deductible | I37: Covered at 60%, subject to the deductible
B38: $50 copay per visit
A39: Outpatient therapy | B39: $75 for physical, speech and occupational therapy for up to 60 visits per contract year | C39: Covered at 100%, subject to the deductible for physical, speech and occupational therapy for up to 60 visits per contract year | D39: Covered at 80%, subject to the deductible for physical, speech and occupational therapy for up to 60 visits per contract year | E39: Covered at 60%, subject to the deductible for physical, speech and occupational therapy for up to 60 visits per contract year | F39: Covered at 80%, subject to the deductible for physical, speech and occupational therapy for up to 60 visits per contract year | G39: Covered at 60%, subject to the deductible for physical, speech and occupational therapy for up to 60 visits per contract year | H39: Covered at 80%, subject to the deductible for physical, speech and occupational therapy for up to 60 visits per contract year | I39: Covered at 60%, subject to the deductible for physical, speech and occupational therapy for up to 60 visits per contract year
A40: Durable medical equipment | B40: Covered at 50%, subject to the deductible | C40: Covered at 50%, subject to the deductible | D40: Covered at 50%, subject to the deductible | E40: Covered at 50%, subject to the deductible | F40: Covered at 50%, subject to the deductible | G40: Covered at 50%, subject to the deductible | H40: Covered at 50%, subject to the deductible | I40: Covered at 50%, subject to the deductible
A41: Chiropractic | B41: $50 copay per visit | C41: Covered at 100%, subject to the deductible | D41: Covered at 80%, subject to the deductible | E41: Covered at 60%, subject to the deductible | F41: Covered at 80%, subject to the deductible | G41: Covered at 60%, subject to the deductible | H41: Covered at 80%, subject to the deductible | I41: Covered at 60%, subject to the deductible
A42: Adult Routine Vision Exam | B42: One routine exam covered in full per year | C42: Covered at 100% for one routine exam every year, subject to the deductible | D42: One routine exam covered in full per year, subject to the deductible | E42: Covered at 60% for one routine exam every year, subject to the deductible | F42: One routine exam covered in full per year, subject to the deductible | G42: Covered at 60% for one routine exam every year, subject to the deductible | H42: One routine exam covered in full per year, subject to the deductible | I42: Covered at 60% for one routine exam every year, subject to the deductible
A43: Adult Eyewear | B43: Eyewear Reimbursement of | C43: Eyewear Reimbursement of | D43: Eyewear Reimbursement of | E43: Eyewear Reimbursement of | F43: Eyewear Reimbursement of | G43: Eyewear Reimbursement of | H43: Eyewear Reimbursement of | I43: Eyewear Reimbursement of
B44: $100 per year | C44: $100 per year | D44: $100 per year | E44: $100 per year | F44: $100 per year | G44: $100 per year | H44: $100 per year | I44: $100 per year
A45: Pediatric Dental: Preventative & Routine | B45: Preventive covered at 100%. Routine | C45: Preventive covered at 100%, subject to balance billing. | D45: Preventive cleaning and exams not subject to the deductible. | E45: Preventive cleaning and exams not subject to the deductible. | F45: Preventive cleaning and exams not subject to the deductible. | G45: Preventive cleaning and exams not subject to the deductible. | H45: Preventive cleaning and exams not subject to the deductible. | I45: Preventive cleaning and exams not subject to the deductible.
B46: covered at 80%, subject to the deductible | C46: Routine covered at 80%, subject to the deductible and balance billing | D46: Preventive services covered at 100%, subject to the deductible. Routine services covered at 80%, subject to the | E46: Preventive services covered at 100%, subject to the deductible. Routine services covered at 80%, subject to the | F46: Preventive services covered at 100%, subject to the deductible. Routine services covered at 80%, subject to the | G46: Preventive services covered at 100%, subject to the deductible. Routine services covered at 80%, subject to the | H46: Preventive services covered at 100%, subject to the deductible. Routine services covered at 80%, subject to the | I46: Preventive services covered at 100%, subject to the deductible. Routine services covered at 80%, subject to the
D47: deductible | E47: deductible and | F47: deductible | G47: deductible and | H47: deductible | I47: deductible and
A48: Plan Overview
A49: Plan ID | B49: 78124NY0990313-01 (GMX7) | D49: 78124NY1000185-01 (GMG1) | F49: 78124NY1000249-01 (GMU5) | H49: 78124NY1000265-01 (GMW1)
A50: Plan Name | B50: SimplyBlue Plus Silver 18 | D50: SimplyBlue Plus Silver 14 | F50: SimplyBlue Plus Silver 16 | H50: SimplyBlue Plus Silver 17
A51: Aggregation Design | B51: Individual Aggregation | D51: Family Aggregation | F51: Individual Aggregation | H51: Family Aggregation
A52: Plan Highlights | B52: A deductible is applied to select covered medical benefits, prescription drugs are not subject to the deductible. Preventive services are covered in full, includes Active&Fit ExerciseRewards. | D52: A deductible is applied to all covered medical and prescription drug benefits. Preventive services are covered in full. Plan includes Active&Fit ExerciseRewards. | F52: A deductible is applied to all covered medical and prescription drug benefits. Preventive services are covered in full. Plan includes Active&Fit ExerciseRewards. | H52: A deductible is applied to all covered medical and prescription drug benefits. Preventive services are covered in full. Plan includes Active&Fit ExerciseRewards.
A53: Plan Type | B53: Hybrid | D53: Deductible HSA | F53: Deductible HSA | H53: Deductible HSA
A54: HSA Eligible | B54: No | D54: Yes | F54: Yes | H54: Yes
A55: Quote Effective | B55: 01/01/2022 - 03/31/2022 | D55: 01/01/2022 - 03/31/2022 | F55: 01/01/2022 - 03/31/2022 | H55: 01/01/2022 - 03/31/2022
A56: Rate ($) | B56: Small Group | D56: Small Group | F56: Small Group | H56: Small Group
A57: Plan features
A58: Primary Care Physician (PCP) | B58: Not Required | D58: Not Required | F58: Not Required | H58: Not Required
A59: Referrals | B59: Not Required | D59: Not Required | F59: Not Required | H59: Not Required
A60: Out of network benefits | B60: Covered at 100%, subject to the deductible | D60: Covered at 60%, subject to the deductible | F60: Covered at 60%, subject to the deductible | H60: Covered at 60%, subject to the deductible
A61: Out of area benefits | B61: Coverage provided worldwide through our BlueCard Network | D61: Coverage provided worldwide through our BlueCard Network | F61: Coverage provided worldwide through our BlueCard Network | H61: Coverage provided worldwide through our BlueCard Network
A62: Student/Dependent coverage | B62: Qualified dependents are covered to age 26 | D62: Qualified dependents are covered to age 26 | F62: Qualified dependents are covered to age 26 | H62: Qualified dependents are covered to age 26
A63: Domestic partner | B63: Covered | D63: Covered | F63: Covered | H63: Covered
A64: Wellness Incentives | B64: Active&Fit ExerciseRewards receive up to | D64: Active&Fit ExerciseRewards receive up to | F64: Active&Fit ExerciseRewards receive up to | H64: Active&Fit ExerciseRewards receive up to
B65: $600 in rewards a year by visiting a qualified fitness facility or by tracking your steps using a | D65: $600 in rewards a year by visiting a qualified fitness facility or by tracking your steps using a | F65: $600 in rewards a year by visiting a qualified fitness facility or by tracking your steps using a | H65: $600 in rewards a year by visiting a qualified fitness facility or by tracking your steps using a
B66: wearable device. Save on Gym memberships with Active&Fit Direct. | D66: wearable device. Save on Gym memberships with Active&Fit Direct. | F66: wearable device. Save on Gym memberships with Active&Fit Direct. | H66: wearable device. Save on Gym memberships with Active&Fit Direct.
A67: Plan cost-sharing highlights
A68: Plan cost-sharing highlights | B68: In-Network | C68: Out-of-Network | D68: In-Network | E68: Out-of-Network | F68: In-Network | G68: Out-of-Network | H68: In-Network | I68: Out-of-Network
A69: Lifetime maximum | B69: None | C69: None | D69: None | E69: None | F69: None | G69: None | H69: None | I69: None
A70: Plan Benefits
A71: Preventive Healthcare Services | B71: In-Network | C71: Out-of-Network | D71: In-Network | E71: Out-of-Network | F71: In-Network | G71: Out-of-Network | H71: In-Network | I71: Out-of-Network
A72: Well child visits | B72: Covered In Full | C72: Covered at 100%, subject to the deductible | D72: Covered In Full | E72: Covered at 60%, subject to the deductible | F72: Covered In Full | G72: Covered at 60%, subject to the deductible | H72: Covered In Full | I72: Covered at 60%, subject to the deductible
A73: +Adult immunizations | B73: Covered In Full | C73: Covered at 100%, subject to the deductible | D73: Covered In Full | E73: Covered at 60%, subject to the deductible | F73: Covered In Full | G73: Covered at 60%, subject to the deductible | H73: Covered In Full | I73: Covered at 60%, subject to the deductible
A74: +Mammography | B74: Covered In Full | C74: Covered at 100%, subject to the deductible | D74: Covered In Full | E74: Covered at 60%, subject to the deductible | F74: Covered In Full | G74: Covered at 60%, subject to the deductible | H74: Covered In Full | I74: Covered at 60%, subject to the deductible
A75: +Pap smear | B75: Covered In Full | C75: Covered at 100%, subject to the deductible | D75: Covered In Full | E75: Covered at 60%, subject to the deductible | F75: Covered In Full | G75: Covered at 60%, subject to the deductible | H75: Covered In Full | I75: Covered at 60%, subject to the deductible
A76: +Colonoscopy | B76: Preventive screenings covered in full | C76: Covered at 100%, subject to the deductible | D76: Preventive screenings covered in full | E76: Covered at 60%, subject to the deductible | F76: Preventive screenings covered in full | G76: Covered at 60%, subject to the deductible | H76: Preventive screenings covered in full | I76: Covered at 60%, subject to the deductible
A77: +Family Planning Services | B77: Covered In Full | C77: Covered at 100%, | D77: Covered In Full | E77: Covered at 60%, | F77: Covered In Full | G77: Covered at 60%, | H77: Covered In Full | I77: Covered at 60%,
C78: subject to the deductible | E78: subject to the deductible | G78: subject to the deductible | I78: subject to the deductible
A79: Physician Office Services | B79: In-Network | C79: Out-of-Network | D79: In-Network | E79: Out-of-Network | F79: In-Network | G79: Out-of-Network | H79: In-Network | I79: Out-of-Network
A80: Diagnostic office visits | B80: $50 PCP copay; $75 Specialist copay per visit | C80: Covered at 100%, subject to the deductible | D80: Covered at 80%, subject to the deductible | E80: Covered at 60%, subject to the deductible | F80: Covered at 80%, subject to the deductible | G80: Covered at 60%, subject to the deductible | H80: Covered at 80%, subject to the deductible | I80: Covered at 60%, subject to the deductible
A81: Advanced Imaging Services | B81: $100 copay per visit | C81: Covered at 100%, subject to the deductible | D81: Covered at 80%, subject to the deductible | E81: Covered at 60%, subject to the deductible | F81: Covered at 80%, subject to the deductible | G81: Covered at 60%, subject to the deductible | H81: Covered at 80%, subject to the deductible | I81: Covered at 60%, subject to the deductible
A82: Allergy tests | B82: $50 PCP copay; $75 Specialist copay per visit | C82: Covered at 100%, subject to the deductible | D82: Covered at 80%, subject to the deductible | E82: Covered at 60%, subject to the deductible | F82: Covered at 80%, subject to the deductible | G82: Covered at 60%, subject to the deductible | H82: Covered at 80%, subject to the deductible | I82: Covered at 60%, subject to the deductible
A83: Allergy injections | B83: $50 PCP copay; $75 Specialist copay per visit | C83: Covered at 100%, subject to the deductible | D83: Covered at 80%, subject to the deductible | E83: Covered at 60%, subject to the deductible | F83: Covered at 80%, subject to the deductible | G83: Covered at 60%, subject to the deductible | H83: Covered at 80%, subject to the deductible | I83: Covered at 60%, subject to the deductible
A84: Maternity Services | B84: In-Network | C84: Out-of-Network | D84: In-Network | E84: Out-of-Network | F84: In-Network | G84: Out-of-Network | H84: In-Network | I84: Out-of-Network
A85: Hospital care for mom (including delivery) | B85: Covered at 70%, subject to the deductible | C85: Covered at 100%, subject to the deductible | D85: Covered at 80%, subject to the deductible | E85: Covered at 60%, subject to the deductible | F85: Covered at 80%, subject to the deductible | G85: Covered at 60%, subject to the deductible | H85: Covered at 80%, subject to the deductible | I85: Covered at 60%, subject to the deductible
A86: Newborn nursery care | B86: Covered at 70%, subject to the deductible | C86: Covered at 100%, subject to the deductible | D86: Covered at 80%, subject to the deductible | E86: Covered at 60%, subject to the deductible | F86: Covered at 80%, subject to the deductible | G86: Covered at 60%, subject to the deductible | H86: Covered at 80%, subject to the deductible | I86: Covered at 60%, subject to the deductible
A87: Prescription Drug | B87: In-Network | C87: Out-of-Network | D87: In-Network | E87: Out-of-Network | F87: In-Network | G87: Out-of-Network | H87: In-Network | I87: Out-of-Network
D88: deductible; they are subject to the applicable copay or coinsurance. | F88: deductible; they are subject to the applicable copay or coinsurance. | H88: deductible; they are subject to the applicable copay or coinsurance.
A89: Diabetic drugs, insulin, and supplies | B89: $50 copay per 30 day supply | C89: Covered at 100%, subject to the deductible | D89: Covered at 80%, subject to the deductible | E89: Covered at 60%, subject to the deductible | F89: Covered at 80%, subject to the deductible | G89: Covered at 60%, subject to the deductible | H89: Covered at 80%, subject to the deductible | I89: Covered at 60%, subject to the deductible
A90: Inpatient Hospital Benefits | B90: In-Network | C90: Out-of-Network | D90: In-Network | E90: Out-of-Network | F90: In-Network | G90: Out-of-Network | H90: In-Network | I90: Out-of-Network
A91: Hospital benefits | B91: Covered at 70% per admission for unlimited days, subject to the deductible | C91: Covered at 100% per admission for unlimited days, subject to the deductible | D91: Covered at 80% per admission for unlimited days, subject to the deductible | E91: Covered at 60% per admission for unlimited days, subject to the deductible | F91: Covered at 80% per admission for unlimited days, subject to the deductible | G91: Covered at 60% per admission for unlimited days, subject to the deductible | H91: Covered at 80% per admission for unlimited days, subject to the deductible | I91: Covered at 60% per admission for unlimited days, subject to the deductible
A92: Physician visits in the hospital | B92: Covered at 70%, subject to the deductible | C92: Covered at 100%, subject to the deductible | D92: Covered at 80%, subject to the deductible | E92: Covered at 60%, subject to the deductible | F92: Covered at 80%, subject to the deductible | G92: Covered at 60%, subject to the deductible | H92: Covered at 80%, subject to the deductible | I92: Covered at 60%, subject to the deductible
A93: Inpatient physical rehabilitation | B93: Covered at 70% per 60 day stay per admission per contract year, subject to the deductible | C93: Covered at 100% per 60 day stay per admission per contract year, subject to the deductible | D93: Covered at 80% per 60 day stay per admission per contract year, subject to the deductible | E93: Covered at 60% per 60 day stay per admission per contract year, subject to the deductible | F93: Covered at 80% per 60 day stay per admission per contract year, subject to the deductible | G93: Covered at 60% per 60 day stay per admission per contract year, subject to the deductible | H93: Covered at 80% per 60 day stay per admission per contract year, subject to the deductible | I93: Covered at 60% per 60 day stay per admission per contract year, subject to the deductible
A94: Surgery | B94: Covered at 70%, subject to the deductible | C94: Covered at 100%, subject to the deductible | D94: Covered at 80%, subject to the deductible | E94: Covered at 60%, subject to the deductible | F94: Covered at 80%, subject to the deductible | G94: Covered at 60%, subject to the deductible | H94: Covered at 80%, subject to the deductible | I94: Covered at 60%, subject to the deductible
A95: Anesthesia | B95: Covered at 70%, subject to the deductible | C95: Covered at 100%, subject to the deductible | D95: Covered at 80%, subject to the deductible | E95: Covered at 60%, subject to the deductible | F95: Covered at 80%, subject to the deductible | G95: Covered at 60%, subject to the deductible | H95: Covered at 80%, subject to the deductible | I95: Covered at 60%, subject to the deductible
A96: Emergency Care | B96: In-Network | C96: Out-of-Network | D96: In-Network | E96: Out-of-Network | F96: In-Network | G96: Out-of-Network | H96: In-Network | I96: Out-of-Network
A97: Outpatient Hospital Benefits | B97: In-Network | C97: Out-of-Network | D97: In-Network | E97: Out-of-Network | F97: In-Network | G97: Out-of-Network | H97: In-Network | I97: Out-of-Network
A98: Diagnostic x-rays | B98: $75 copay per visit | C98: Covered at 100%, subject to the deductible | D98: Covered at 80%, subject to the deductible | E98: Covered at 60%, subject to the deductible | F98: Covered at 80%, subject to the deductible | G98: Covered at 60%, subject to the deductible | H98: Covered at 80%, subject to the deductible | I98: Covered at 60%, subject to the deductible
A99: Advanced Imaging Services | B99: $100 copay per visit | C99: Covered at 100%, subject to the deductible | D99: Covered at 80%, subject to the deductible | E99: Covered at 60%, subject to the deductible | F99: Covered at 80%, subject to the deductible | G99: Covered at 60%, subject to the deductible | H99: Covered at 80%, subject to the deductible | I99: Covered at 60%, subject to the deductible
A100: Mental Health and Substance Use | B100: In-Network | C100: Out-of-Network | D100: In-Network | E100: Out-of-Network | F100: In-Network | G100: Out-of-Network | H100: In-Network | I100: Out-of-Network
...

Sheet Plat 1
B1: SimplyBlue Plus Platinum 2 | D1: SimplyBlue Plus Platinum 3 | F1: SimplyBlue Plus Platinum 4
A2: Plan Overview
A3: Plan ID | B3: 78124NY0980025-00 (SXN9) | D3: 78124NY0980073-00 (SXR1) | F3: 78124NY0990233-00 (SYQ7)
A4: Plan Name | B4: SimplyBlue Plus Platinum 2 | D4: SimplyBlue Plus Platinum 3 | F4: SimplyBlue Plus Platinum 4
A5: Aggregation Design | B5: Individual Aggregation | D5: Individual Aggregation | F5: Individual Aggregation
A6: Plan Highlights | B6: Predictable out-of-pocket costs without a deductible, includes Active&Fit ExerciseRewards. | D6: Predictable out-of-pocket costs without a deductible, includes Active&Fit ExerciseRewards. | F6: A deductible is applied to select covered medical benefits, prescription drugs are not subject to the deductible. Preventive services are covered in full, includes Active&Fit ExerciseRewards.
A7: Plan Type | B7: Copay | D7: Copay | F7: Hybrid
A8: HSA Eligible | B8: No | D8: No | F8: No
A9: Quote Effective | B9: 01/01/2022 - 03/31/2022 | D9: 01/01/2022 - 03/31/2022 | F9: 01/01/2022 - 03/31/2022
A10: Rate ($) | B10: Small Group | D10: Small Group | F10: Small Group
A11: Single | B11: 822.87 | D11: 810.88 | F11: 807.88
A12: Subscriber & Spouse | B12: 1645.75 | D12: 1621.76 | F12: 1615.76
A13: Subscriber & Child(ren) | B13: 1398.89 | D13: 1378.5 | F13: 1373.4
A14: Family | B14: 2345.19 | D14: 2311.01 | F14: 2302.45
A15: Plan features
A16: Primary Care Physician (PCP) | B16: Not Required | D16: Not Required | F16: Not Required
A17: Referrals | B17: Not Required | D17: Not Required | F17: Not Required
A18: Out of network benefits | B18: Covered at 80%, subject to the deductible | D18: Covered at 80%, subject to the deductible | F18: Covered at 60%, subject to the deductible
A19: Out of area benefits | B19: Coverage provided worldwide through our BlueCard Network | D19: Coverage provided worldwide through our BlueCard Network | F19: Coverage provided worldwide through our BlueCard Network
A20: Student/Dependent coverage | B20: Qualified dependents are covered to age 26 | D20: Qualified dependents are covered to age 26 | F20: Qualified dependents are covered to age 26
A21: Domestic partner | B21: Covered | D21: Covered | F21: Covered
A22: Wellness Incentives | B22: Active&Fit ExerciseRewards receive up to $600 in rewards a year by visiting a qualified fitness facility or by tracking your steps using a wearable device. Save on Gym memberships with Active&Fit Direct. | D22: Active&Fit ExerciseRewards receive up to $600 in rewards a year by visiting a qualified fitness facility or by tracking your steps using a wearable device. Save on Gym memberships with Active&Fit Direct. | F22: Active&Fit ExerciseRewards receive up to $600 in rewards a year by visiting a qualified fitness facility or by tracking your steps using a wearable device. Save on Gym memberships with Active&Fit Direct.
A23: Plan cost-sharing highlights
A24: Plan cost-sharing highlights | B24: In-Network | C24: Out-of-Network | D24: In-Network | E24: Out-of-Network | F24: In-Network | G24: Out-of-Network
A25: Primary Care Office Visit | B25: $15 copay per visit | C25: Covered at 80%, subject to the deductible | D25: $25 copay per visit | E25: Covered at 80%, subject to the deductible | F25: $15 copay per visit | G25: Covered at 60%, subject to the deductible
A26: Specialist Office Visit | B26: $25 copay per visit | C26: Covered at 80%, subject to the deductible | D26: $40 copay per visit | E26: Covered at 80%, subject to the deductible | F26: $25 copay per visit | G26: Covered at 60%, subject to the deductible
A27: Coinsurance | B27: None | C27: Covered at 80% | D27: None | E27: Covered at 80% | F27: Covered at 80% | G27: Covered at 60%
A28: Deductible | B28: None | C28: Out-of-Network: $5,000 Individual / $10,000 Family | D28: None | E28: Out-of-Network: $5,000 Individual / $10,000 Family | F28: In-Network: $250 Individual / | G28: Out-of-Network: $5,000 Individual / $10,000 Family
F29: $500 Family
A30: Out of pocket maximum | B30: $5,000 Individual / $10,000 Family | C30: $10,000 Individual / $20,000 Family | D30: $4,500 Individual / $9,000 Family | E30: $10,000 Individual / $20,000 Family | F30: $2,000 Individual / $4,000 Family | G30: $10,000 Individual / $20,000 Family
A31: Lifetime maximum | B31: None | C31: None | D31: None | E31: None | F31: None | G31: None
A32: Plan Benefits
A33: Preventive Healthcare Services | B33: In-Network | C33: Out-of-Network | D33: In-Network | E33: Out-of-Network | F33: In-Network | G33: Out-of-Network
A34: Well child visits | B34: Covered In Full | C34: Covered at 80%, subject to the deductible | D34: Covered In Full | E34: Covered at 80%, subject to the deductible | F34: Covered In Full | G34: Covered at 60%, subject to the deductible
A35: Adult routine physical exams | B35: Covered In Full | C35: Covered at 80%, subject to the deductible | D35: Covered In Full | E35: Covered at 80%, subject to the deductible | F35: Covered In Full | G35: Covered at 60%, subject to the deductible
A36: +Adult immunizations | B36: Covered In Full | C36: Covered at 80%, subject to the deductible | D36: Covered In Full | E36: Covered at 80%, subject to the deductible | F36: Covered In Full | G36: Covered at 60%, subject to the deductible
A37: +Mammography | B37: Covered In Full | C37: Covered at 80%, subject to the deductible | D37: Covered In Full | E37: Covered at 80%, subject to the deductible | F37: Covered In Full | G37: Covered at 60%, subject to the deductible
A38: +Pap smear | B38: Covered In Full | C38: Covered at 80%, subject to the deductible | D38: Covered In Full | E38: Covered at 80%, subject to the deductible | F38: Covered In Full | G38: Covered at 60%, subject to the deductible
A39: Routine GYN Exam | B39: Covered In Full | C39: Covered at 80%, subject to the deductible | D39: Covered In Full | E39: Covered at 80%, subject to the deductible | F39: Covered In Full | G39: Covered at 60%, subject to the deductible
A40: +Prostate cancer screening | B40: Covered In Full | C40: Covered at 80%, subject to the deductible | D40: Covered In Full | E40: Covered at 80%, subject to the deductible | F40: Covered In Full | G40: Covered at 60%, subject to the deductible
A41: +Colonoscopy | B41: Preventive screenings covered in full | C41: Covered at 80%, subject to the deductible | D41: Preventive screenings covered in full | E41: Covered at 80%, subject to the deductible | F41: Preventive screenings covered in full | G41: Covered at 60%, subject to the deductible
A42: +Family Planning Services | B42: Covered In Full | C42: Covered at 80%, subject to the deductible | D42: Covered In Full | E42: Covered at 80%, subject to the deductible | F42: Covered In Full | G42: Covered at 60%, subject to the deductible
A43: Physician Office Services | B43: In-Network | C43: Out-of-Network | D43: In-Network | E43: Out-of-Network | F43: In-Network | G43: Out-of-Network
A44: Diagnostic office visits | B44: $15 PCP copay; $25 Specialist copay per visit | C44: Covered at 80%, subject to the deductible | D44: $25 PCP copay; $40 Specialist copay per visit | E44: Covered at 80%, subject to the deductible | F44: $15 PCP copay; $25 Specialist copay per visit | G44: Covered at 60%, subject to the deductible
... A89: External prosthetics | B89: Covered at 50% | C89: Covered at 50%, subject to | D89: Covered at 50% | E89: Covered at 50%, subject to | F89: Covered at 50%, subject to | G89: Covered at 50%, subject to
C90: the deductible | E90: the deductible | F90: the deductible | G90: the deductible
A91: Chiropractic | B91: $15 copay per visit | C91: Covered at 80%, subject to the deductible | D91: $25 copay per visit | E91: Covered at 80%, subject to the deductible | F91: $15 copay per visit | G91: Covered at 60%, subject to the deductible
A92: Acupuncture | B92: $25 copay per visit | C92: Covered at 80%, subject to the deductible | D92: $40 copay per visit | E92: Covered at 80%, subject to the deductible | F92: $25 copay per visit | G92: Covered at 60%, subject to the deductible
A93: Hearing Aids | B93: Covered at 50% for a single purchase once every 3 years | C93: Covered at 50%, subject to the deductible for a single purchase once every 3 years | D93: Covered at 50% for a single purchase once every 3 years | E93: Covered at 50%, subject to the deductible for a single purchase once every 3 years | F93: Covered at 50% , subject to the deductible for a single purchase once every 3 years | G93: Covered at 50%, subject to the deductible for a single purchase once every 3 years
A94: Vision Benefits | B94: In-Network | C94: Out-of-Network | D94: In-Network | E94: Out-of-Network | F94: In-Network | G94: Out-of-Network
A95: Adult Routine Vision Exam | B95: One routine exam covered in full per year | C95: Covered at 80% for one routine exam every year, subject to the deductible | D95: One routine exam covered in full per year | E95: Covered at 80% for one routine exam every year, subject to the deductible | F95: One routine exam covered in full per year | G95: Covered at 60% for one routine exam every year, subject to the deductible
A96: Adult Diagnostic Vision | B96: $25 copay per visit | C96: Covered at 80%, subject to the deductible | D96: $40 copay per visit | E96: Covered at 80%, subject to the deductible | F96: $25 copay per visit | G96: Covered at 60%, subject to the deductible
A97: Adult Eyewear | B97: Eyewear Reimbursement of | C97: Eyewear Reimbursement of | D97: Eyewear Reimbursement of | E97: Eyewear Reimbursement of | F97: Eyewear Reimbursement of | G97: Eyewear Reimbursement of
B98: $100 per year | C98: $100 per year | D98: $100 per year | E98: $100 per year | F98: $100 per year | G98: $100 per year
A99: Pediatric Routine Vision Exam | B99: $25 copay per visit for one routine exam every year | C99: Covered at 80% for one routine exam every year, subject to the deductible | D99: $40 copay per visit for one routine exam every year | E99: Covered at 80% for one routine exam every year, subject to the deductible | F99: $25 copay per visit for one routine exam every year | G99: Covered at 60% for one routine exam every year, subject to the deductible
A100: Pediatric Eyewear | B100: Covered at 50% for one purchase per plan year | C100: Covered at 50%, subject to the deductible for one purchase per plan year | D100: Covered at 50% for one purchase per plan year | E100: Covered at 50%, subject to the deductible for one purchase per plan year | F100: Covered at 50%, subject to the deductible for one purchase per plan year | G100: Covered at 50%, subject to the deductible for one purchase per plan year
A101: Dental Benefits | B101: In-Network | C101: Out-of-Network | D101: In-Network | E101: Out-of-Network | F101: In-Network | G101: Out-of-Network
A102: Adult Dental Care | B102: Not Covered | C102: Not Covered | D102: Not Covered | E102: Not Covered | F102: Not Covered | G102: Not Covered
A103: Pediatric Dental: Preventative & Routine | B103: Preventive covered at 100%. Routine covered at 80% | C103: Preventive covered at 100%, subject to balance billng. | D103: Preventive covered at 100%. Routine covered at 80% | E103: Preventive covered at 100%, subject to balance billng. | F103: Preventive covered at 100%. Routine covered at 80%, subject to the deductible | G103: Preventive covered at 100%, subject to balance billing.
C104: Routine covered at 80%,subject to the deductible and balance billing | E104: Routine covered at 80%,subject to the deductible and balance billing | G104: Routine covered at 80%, subject to the deductible and balance billing
A105: Pediatric Major Dental Care & Medical Ortho | B105: Covered at 50% | C105: Covered at 50%, subject to the deductible and balance billing | D105: Covered at 50% | E105: Covered at 50%, subject to the deductible and balance billing | F105: Covered at 50%, subject to the deductible | G105: Covered at 50%, subject to the deductible and balance billing
A106: Accidental Dental - Outpatient Surgical | B106: $150 copay per visit for accidental injury to sound, natural teeth and for care due to congenital disease or anomaly | C106: Covered at 80% for accidental injury to sound, natural teeth and for care due to congenital disease or anomaly, subject to the deductible | D106: $150 copay per visit for accidental injury to sound, natural teeth and for care due to congenital disease or anomaly | E106: Covered at 80% for accidental injury to sound, natural teeth and for care due to congenital disease or anomaly, subject to the deductible | F106: Covered at 80% for accidental injury to sound, natural teeth and for care due to congenital disease or anomaly, subject to the deductible | G106: Covered at 60% for accidental injury to sound, natural teeth and for care due to congenital disease or anomaly, subject to the deductible

Sheet All Plans
C1: Current Plan | D1: SimplyBlue Plus Gold 19 | E1: SimplyBlue Plus Gold 20 | F1: SimplyBlue Plus Gold 21 | G1: SimplyBlue Plus Gold 1 | H1: SimplyBlue Plus Gold 5 | I1: SimplyBlue Plus Gold 6 | J1: SimplyBlue Plus Gold 14 | K1: SimplyBlue Plus Gold 17 | L1: SimplyBlue Plus Gold 18 | M1: SimplyBlue Plus Standard Platinum | N1: SimplyBlue Plus Standard Silver | O1: SimplyBlue Plus Standard Gold | P1: SimplyBlue Plus Standard Bronze HSA | Q1: SimplyBlue Plus Bronze 3 | R1: SimplyBlue Plus Bronze 4 | S1: SimplyBlue Plus Bronze 5 | T1: SimplyBlue Plus Standard Platinum | U1: SimplyBlue Plus Platinum 6 | V1: SimplyBlue Plus Silver 6 | W1: SimplyBlue Plus Silver 2 | X1: SimplyBlue Plus Silver 19 | Y1: SimplyBlue Plus Silver 18 | Z1: SimplyBlue Plus Silver 14 | AA1: SimplyBlue Plus Silver 16 | AB1: SimplyBlue Plus Silver 17 | AC1: SimplyBlue Plus Platinum 2 | AD1: SimplyBlue Plus Platinum 3 | AE1: SimplyBlue Plus Platinum 4
A2: Deductible & Out of Pocket Max
A3: Single Deductible | D3: 2250 | E3: 1800 | F3: 2000 | G3: None | H3: None | I3: 1600 | J3: 1000 | K3: 1000 | L3: 1100 | M3: None | N3: 1300 | O3: 600 | P3: 6100 | Q3: 5500 | R3: 7000 | S3: 6000 | T3: None | U3: None | V3: 2500 | W3: 2600 | X3: 2500 | Y3: 7500 | Z3: 2800 | AA3: 3200 | AB3: 3600 | AC3: None | AD3: None | AE3: 250
A4: Family Deductible | D4: 4500 | E4: 3600 | F4: 4000 | G4: None | H4: None | I4: 3200 | J4: 2000 | K4: 2000 | L4: 2200 | M4: None | N4: 2600 | O4: 1200 | P4: 12200 | Q4: 11000 | R4: 14000 | S4: 12000 | T4: None | U4: None | V4: 5000 | W4: 5200 | X4: 5000 | Y4: 15000 | Z4: 5600 | AA4: 6400 | AB4: 7200 | AC4: None | AD4: None | AE4: 500
A5: Deductible Type | C5: Huh? | D5: Individual Aggregation | E5: Family Aggregation | F5: Family Aggregation | G5: Individual Aggregation | H5: Individual Aggregation | I5: Family Aggregation | J5: Individual Aggregation | K5: Individual Aggregation | L5: Individual Aggregation | M5: Individual Aggregation | N5: Individual Aggregation | O5: Individual Aggregation | P5: Individual Aggregation | Q5: Family Aggregation | R5: Family Aggregation | S5: Family Aggregation | T5: Family Aggregation | U5: Individual Aggregation | V5: Individual Aggregation | W5: Family Aggregation | X5: Family Aggregation | Y5: Individual Aggregation | Z5: Family Aggregation | AA5: Individual Aggregation | AB5: Family Aggregation | AC5: Individual Aggregation | AD5: Individual Aggregation | AE5: Individual Aggregation
A6: Out of Pocket Max Single | D6: 6850 | E6: 3600 | F6: 6000 | G6: 7900 | H6: 8000 | I6: 3200 | J6: 5500 | K6: 8150 | L6: 8250 | M6: 2000 | N6: 8500 | O6: 4000 | P6: 6900 | Q6: 7000 | R6: 7000 | S6: 7000 | T6: 2000 | U6: 6550 | V6: 8000 | W6: 7000 | X6: 6750 | Y6: 8250 | Z6: 6550 | AA6: 6550 | AB6: 6550 | AC6: 5000 | AD6: 4500 | AE6: 2000
A7: Out of Pocket Max Family | D7: 13700 | E7: 7200 | F7: 12000 | G7: 15800 | H7: 16000 | I7: 6400 | J7: 11000 | K7: 16300 | L7: 16500 | M7: 4000 | N7: 17000 | O7: 8000 | P7: 13800 | Q7: 14000 | R7: 14000 | S7: 14000 | T7: 4000 | U7: 13100 | V7: 16000 | W7: 14000 | X7: 13500 | Y7: 16500 | Z7: 13100 | AA7: 13100 | AB7: 13100 | AC7: 10000 | AD7: 9000 | AE7: 4000
A8: Coinsurance | D8: Covered at 80% | E8: Covered at 80% | F8: Covered at 100% | G8: None | H8: None | I8: Covered at 80% | J8: Covered at 80% | K8: Covered at 80% | L8: Covered at 80% | M8: None | N8: Covered at 100% | O8: Covered at 100% | P8: Covered at 50% | Q8: Covered at 50% | R8: Covered at 100% | S8: Covered at 100% | T8: None | U8: None | V8: Covered at 75% | W8: Covered at 80% | X8: Covered at 100% | Y8: Covered at 70% | Z8: Covered at 80% | AA8: Covered at 80% | AB8: Covered at 80% | AC8: None | AD8: None | AE8: Covered at 80%
A9: Out of Network Coverage | C9: Is this Yes / No?
A10: Preventive Services
A11: Adult routine physical exams | D11: Covered In Full | E11: Covered In Full | F11: Covered In Full | G11: Covered In Full | H11: Covered In Full | I11: Covered In Full | J11: Covered In Full | K11: Covered In Full | L11: Covered In Full | M11: Covered In Full | N11: Covered In Full | O11: Covered In Full | P11: Covered In Full | Q11: Covered In Full | R11: Covered In Full | S11: Covered In Full | T11: Covered In Full | U11: Covered In Full | V11: Covered In Full | W11: Covered In Full | X11: Covered In Full | Y11: Covered In Full | Z11: Covered In Full | AA11: Covered In Full | AB11: Covered In Full | AC11: Covered In Full | AD11: Covered In Full | AE11: Covered In Full
A12: Routine GYN Exam | D12: Covered In Full | E12: Covered In Full | F12: Covered In Full | G12: Covered In Full | H12: Covered In Full | I12: Covered In Full | J12: Covered In Full | K12: Covered In Full | L12: Covered In Full | M12: Covered In Full | N12: Covered In Full | O12: Covered In Full | P12: Covered In Full | Q12: Covered In Full | R12: Covered In Full | S12: Covered In Full | T12: Covered In Full | U12: Covered In Full | V12: Covered In Full | W12: Covered In Full | X12: Covered In Full | Y12: Covered In Full | Z12: Covered In Full | AA12: Covered In Full | AB12: Covered In Full | AC12: Covered In Full | AD12: Covered In Full | AE12: Covered In Full
A13: Prostate cancer screening | D13: Covered In Full | E13: Covered In Full | F13: Covered In Full | G13: Covered In Full | H13: Covered In Full | I13: Covered In Full | J13: Covered In Full | K13: Covered In Full | L13: Covered In Full | M13: Covered In Full | N13: Covered In Full | O13: Covered In Full | P13: Covered In Full | Q13: Covered In Full | R13: Covered In Full | S13: Covered In Full | T13: Covered In Full | U13: Covered In Full | V13: Covered In Full | W13: Covered In Full | X13: Covered In Full | Y13: Covered In Full | Z13: Covered In Full | AA13: Covered In Full | AB13: Covered In Full | AC13: Covered In Full | AD13: Covered In Full | AE13: Covered In Full
A14: Adult immunizations | D14: Covered In Full | E14: Covered In Full | F14: Covered In Full | G14: Covered In Full | H14: Covered In Full | I14: Covered In Full | J14: Covered In Full | K14: Covered In Full | L14: Covered In Full | M14: Covered In Full | N14: Covered In Full | O14: Covered In Full | P14: Covered In Full | Q14: Covered In Full | R14: Covered In Full | S14: Covered In Full | T14: Covered In Full | U14: Covered In Full | V14: Covered In Full | W14: Covered In Full | X14: Covered In Full | Y14: Covered In Full | Z14: Covered In Full | AA14: Covered In Full | AB14: Covered In Full | AC14: Covered In Full | AD14: Covered In Full | AE14: Covered In Full
A15: Well child visits | D15: Covered In Full | E15: Covered In Full | F15: Covered In Full | G15: Covered In Full | H15: Covered In Full | I15: Covered In Full | J15: Covered In Full | K15: Covered In Full | L15: Covered In Full | M15: Covered In Full | N15: Covered In Full | O15: Covered In Full | P15: Covered In Full | Q15: Covered In Full | R15: Covered In Full | S15: Covered In Full | T15: Covered In Full | U15: Covered In Full | V15: Covered In Full | W15: Covered In Full | X15: Covered In Full | Y15: Covered In Full | Z15: Covered In Full | AA15: Covered In Full | AB15: Covered In Full | AC15: Covered In Full | AD15: Covered In Full | AE15: Covered In Full
A16: Physician
A17: Primary Care Office Visit | D17: $40 copay per visit | E17: Covered at 80%, subject to the deductible | F17: $25 copay per visit, subject to deductible | G17: $25 copay per visit | H17: $40 copay per visit | I17: Covered at 80%, subject to the deductible | J17: $25 copay per visit, subject to deductible | K17: $30 copay per visit | L17: $40 copay per visit | M17: $15 copay per visit | N17: $30 copay per visit, subject to deductible | O17: $25 copay per visit, subject to deductible | P17: Covered at 50%, subject to the deductible | Q17: Covered at 50%, subject to the deductible | R17: Covered at 100%, subject to the deductible | S17: $40 copay per visit, subject to deductible | T17: $15 copay per visit | U17: $30 copay per visit | V17: $40 copay per visit, subject to deductible | W17: Covered at 80%, subject to the deductible | X17: $25 copay per visit, subject to deductible | Y17: $50 copay per visit | Z17: Covered at 80%, subject to the deductible | AA17: Covered at 80%, subject to the deductible | AB17: Covered at 80%, subject to the deductible | AC17: $15 copay per visit | AD17: $25 copay per visit | AE17: $15 copay per visit
A18: Specialist Office Visit | D18: $60 copay per visit | E18: Covered at 80%, subject to the deductible | F18: $40 copay per visit, subject to deductible | G18: $50 copay per visit | H18: $70 copay per visit | I18: Covered at 80%, subject to the deductible | J18: $40 copay per visit, subject to deductible | K18: $50 copay per visit | L18: $60 copay per visit | M18: $35 copay per visit | N18: $50 copay per visit, subject to deductible | O18: $40 copay per visit, subject to deductible | P18: Covered at 50%, subject to the deductible | Q18: Covered at 50%, subject to the deductible | R18: Covered at 100%, subject to the deductible | S18: $60 copay per visit, subject to deductible | T18: $35 copay per visit | U18: $50 copay per visit | V18: $60 copay per visit, subject to deductible | W18: Covered at 80%, subject to the deductible | X18: $50 copay per visit, subject to deductible | Y18: $75 copay per visit | Z18: Covered at 80%, subject to the deductible | AA18: Covered at 80%, subject to the deductible | AB18: Covered at 80%, subject to the deductible | AC18: $25 copay per visit | AD18: $40 copay per visit | AE18: $25 copay per visit
A19: Freestanding urgent care center | D19: $60 copay per visit | E19: Covered at 80%, subject to the deductible | F19: $40 copay per visit, subject to deductible | G19: $50 copay per visit | H19: $70 copay per visit | I19: Covered at 80%, subject to the deductible | J19: $40 copay per visit, subject to deductible | K19: $50 copay per visit | L19: $60 copay per visit | M19: $55 copay per visit | N19: $70 copay per visit, subject to deductible | O19: $60 copay per visit, subject to deductible | P19: Covered at 50%, subject to the deductible | Q19: Covered at 50%, subject to the deductible | R19: Covered at 100%, subject to the deductible | S19: $60 copay per visit, subject to deductible | T19: $55 copay per visit | U19: $50 copay per visit | V19: $60 copay per visit, subject to deductible | W19: Covered at 80%, subject to the deductible | X19: $50 copay per visit, subject to deductible | Y19: $75 copay per visit | Z19: Covered at 80%, subject to the deductible | AA19: Covered at 80%, subject to the deductible | AB19: Covered at 80%, subject to the deductible | AC19: $25 copay per visit | AD19: $40 copay per visit | AE19: $25 copay per visit
A20: Diagnostic x-rays | D20: $60 copay per visit | E20: Covered at 80%, subject to the deductible | F20: $40 copay per visit, subject to deductible | G20: $50 copay per visit | H20: $70 copay per visit | I20: Covered at 80%, subject to the deductible | J20: $40 copay per visit, subject to the deductible | K20: $50 copay per visit | L20: $60 copay per visit | M20: $15 PCP copay; $35 Specialist copay per visit | N20: $30 PCP copay; $75 copay per visit, subject to deductible | O20: $25 PCP copay; $40 copay per visit, subject to deductible | P20: Covered at 50%, subject to the deductible | Q20: Covered at 50%, subject to the deductible | R20: Covered at 100%, subject to the deductible | S20: $60 copay per visit, subject to deductible | T20: $15 PCP copay; $35 Specialist copay per visit | U20: $50 copay per visit | V20: $60 copay per visit, subject to the deductible | W20: Covered at 80%, subject to the deductible | X20: $50 copay per visit, subject to deductible | Y20: $75 copay per visit | Z20: Covered at 80%, subject to the deductible | AA20: Covered at 80%, subject to the deductible | AB20: Covered at 80%, subject to the deductible | AC20: $25 copay per visit | AD20: $40 copay per visit | AE20: $25 copay per visit
A21: Diagnostic laboratory and pathology | D21: $40 copay per visit | E21: Covered at 80%, subject to the deductible | F21: $25 copay per visit, subject to the deductible | G21: $50 copay per visit | H21: $40 copay per visit | I21: Covered at 80%, subject to | J21: $25 copay per visit, subject to the deductible | K21: $30 copay per visit | L21: $40 copay per visit | M21: $15 PCP copay; $35 Specialist copay per visit | N21: $30 PCP copay; $50 Specialist copay per visit, subject to deductible | O21: $25 PCP copay; $40 Specialist copay per visit, subject to deductible | P21: Covered at 50%, subject to the deductible | Q21: Covered at 50%, subject to the deductible | R21: Covered at 100%, subject to the deductible | S21: $40 copay per visit, subject to deductible | T21: $15 PCP copay; $35 Specialist copay per visit | U21: $30 copay per visit | V21: $40 copay per visit, subject to the deductible | W21: Covered at 80%, subject to the deductible | X21: $25 copay per visit, subject to deductible | Y21: $50 copay per visit | Z21: Covered at 80%, subject to the deductible | AA21: Covered at 80%, subject to the deductible | AB21: Covered at 80%, subject to the deductible | AC21: $15 copay per visit | AD21: $25 copay per visit | AE21: $15 copay per visit
A22: Inpatient & Outpatient Services
A23: Emergency room care | D23: $350 copay per visit | E23: Covered at 80%, subject to the deductible | F23: $150 copay per visit, subject to deductible | G23: $450 copay per visit | H23: $500 copay per visit | I23: Covered at 80%, subject to the deductible | J23: $250 copay per visit, subject to deductible | K23: $250 copay per visit | L23: $250 copay per visit | M23: $100 copay per visit | N23: $300 copay per visit, subject to deductible | O23: $150 copay per visit, subject to deductible | P23: Covered at 50%, subject to the deductible | Q23: Covered at 50%, subject to the deductible | R23: Covered at 100%, subject to the deductible | S23: $500 copay per visit, subject to deductible | T23: $100 copay per visit | U23: $250 copay per visit | V23: $350 copay per visit, subject to deductible | W23: Covered at 80%, subject to the deductible | X23: $300 copay per visit, subject to deductible | Y23: $650 copay per visit | Z23: Covered at 80%, subject to the deductible | AA23: Covered at 80%, subject to the deductible | AB23: Covered at 80%, subject to the deductible | AC23: $150 copay per visit | AD23: $150 copay per visit | AE23: $150 copay per visit
A24: Ambulance | D24: $350 copay per visit | E24: Covered at 80%, subject to the deductible | F24: $150 copay per visit, subject to deductible | G24: $450 copay | H24: $500 copay | I24: Covered at 80%, subject to the deductible | J24: $250 copay per visit, subject to deductible | K24: $250 copay per visit | L24: $250 copay per visit | M24: $100 copay per visit | N24: $150 copay per visit, subject to deductible | O24: $150 copay per visit, subject to deductible | P24: Covered at 50%, subject to the deductible | Q24: Covered at 50%, subject to the deductible | R24: Covered at 100%, subject to the deductible | S24: $500 copay per visit, subject to deductible | T24: $100 copay per visit | U24: $250 copay | V24: $350 copay per visit, subject to deductible | W24: Covered at 80%, subject to the deductible | X24: $300 copay per visit, subject to deductible | Y24: $650 copay per visit | Z24: Covered at 80%, subject to the deductible | AA24: Covered at 80%, subject to the deductible | AB24: Covered at 80%, subject to the deductible | AC24: $150 copay | AD24: $150 copay | AE24: $150 copay per visit
A25: Hospital benefits | D25: Covered at 80% per admission for unlimited days, subject to the deductible | E25: Covered at 80% per admission for unlimited days, subject to the deductible | F25: Subject to $500 copay per admission for unlimited days, subject to the deductible | G25: Subject to $1,000 copay per admission for unlimited days | H25: Subject to $1,000 copay per admission for unlimited days | I25: Covered at 80% per admission for unlimited days, subject to the deductible | J25: Covered at 80% per admission for unlimited days, subject to the deductible | K25: Covered at 80% per admission for unlimited days, subject to the deductible | L25: Covered at 80% per admission for unlimited days, subject to the deductible | M25: Subject to $500 copay per admission for unlimited days | N25: Subject to $1,500 copay per admission for unlimited days, subject to the deductible | O25: Subject to $1,000 copay per admission for unlimited days, subject to the deductible | P25: Covered at 50% per admission for unlimited days, subject to the deductible | Q25: Covered at 50% per admission for unlimited days, subject to the deductible | R25: Covered at 100% per admission for unlimited days, subject to the deductible | S25: Subject to $1,000 copay per admission for unlimited days, subject to the deductible | T25: Subject to $500 copay per admission for unlimited days | U25: Subject to $750 copay per admission for unlimited days | V25: Covered at 75% per admission for unlimited days, subject to the deductible | W25: Covered at 80% per admission for unlimited days, subject to the deductible | X25: Subject to $500 copay per admission for unlimited days, subject to the deductible | Y25: Covered at 70% per admission for unlimited days, subject to the deductible | Z25: Covered at 80% per admission for unlimited days, subject to the deductible | AA25: Covered at 80% per admission for unlimited days, subject to the deductible | AB25: Covered at 80% per admission for unlimited days, subject to the deductible | AC25: Subject to $500 copay per admission for unlimited days | AD25: Subject to $500 copay per admission for unlimited days | AE25: Covered at 80% per admission for unlimited days, subject to the deductible
A26: Prenatal care | D26: Covered in full (Cost share may apply to ultrasounds, lab work and sick visits) | E26: Covered in full (Cost share may apply to ultrasounds, lab work and sick visits) | F26: Covered in full (Cost share may apply to ultrasounds, lab work and sick visits) | G26: Covered in full (Cost share may apply to ultrasounds, lab work and sick visits) | H26: Covered in full (Cost share may apply to ultrasounds, lab work and sick visits) | I26: Covered in full (Cost share may apply to ultrasounds, lab work and sick visits) | J26: Covered in full (Cost share may apply to ultrasounds, lab work and sick visits) | K26: Covered in full (Cost share may apply to ultrasounds, lab work and sick visits) | L26: Covered in full (Cost share may apply to ultrasounds, lab work and sick visits) | M26: Covered in full (Cost share may apply to ultrasounds, lab work and sick visits) | N26: Covered in full (Cost share may apply to ultrasounds, lab work and sick visits) | O26: Covered in full (Cost share may apply to ultrasounds, lab work and sick visits) | P26: Covered in full (Cost share may apply to ultrasounds, lab work and sick visits) | Q26: Covered in full (Cost share may apply to ultrasounds, lab work and sick visits) | R26: Covered in full (Cost share may apply to ultrasounds, lab work and sick visits) | S26: Covered in full (Cost share may apply to ultrasounds, lab work and sick visits) | T26: Covered in full (Cost share may apply to ultrasounds, lab work and sick visits) | U26: Covered in full (Cost share may apply to ultrasounds, lab work and sick visits) | V26: Covered in full (Cost share may apply to ultrasounds, lab work and sick visits) | W26: Covered in full (Cost share may apply to ultrasounds, lab work and sick visits) | X26: Covered in full (Cost share may apply to ultrasounds, lab work and sick visits) | Y26: Covered in full (Cost share may apply to ultrasounds, lab work and sick visits) | Z26: Covered in full (Cost share may apply to ultrasounds, lab work and sick visits) | AA26: Covered in full (Cost share may apply to ultrasounds, lab work and sick visits) | AB26: Covered in full (Cost share may apply to ultrasounds, lab work and sick visits) | AC26: Covered in full (Cost share may apply to ultrasounds, lab work and sick visits) | AD26: Covered in full (Cost share may apply to ultrasounds, lab work and sick visits) | AE26: Covered in full (Cost share may apply to ultrasounds, lab work and sick visits)
A27: CT Scans/MRI/PET /Imaging tests | D27: $100 copay per visit | E27: Covered at 80%, subject to | F27: $100 copay per visit, subject | G27: $100 copay per visit | H27: $100 copay per visit | I27: Covered at 80%, subject to the deductible | J27: $100 copay per visit, subject to the deductible | K27: $100 copay per visit | L27: $100 copay per visit | M27: $35 copay per visit | N27: $75 copay per visit, subject to the deductible | O27: $40 copay per visit, subject to the deductible | P27: Covered at 50%, subject to the deductible | Q27: Covered at 50%, subject to the deductible | R27: Covered at 50%, subject to the deductible | S27: Covered at 100%, subject to the deductible | T27: $35 copay per visit | U27: $100 copay per visit | V27: $100 copay per visit, subject to the deductible | W27: Covered at 80%, subject to the deductible | X27: $100 copay per visit, subject to the deductible | Y27: $100 copay per visit | Z27: Covered at 80%, subject to the deductible | AA27: Covered at 80%, subject to the deductible | AB27: Covered at 80%, subject to the deductible | AC27: $100 copay per visit | AD27: $100 copay per visit | AE27: $100 copay per visit
A28: Mental/Chemical Inpatient | D28: Covered at 80% per admission for unlimited days, subject to the deductible | E28: Covered at 80% per admission for unlimited days, subject to the deductible | F28: Subject to $500 copay per admission for unlimited days, subject to the deductible | G28: Subject to $1,000 copay per admission for unlimited days | H28: Subject to $1,000 copay per admission for unlimited days | I28: Covered at 80% per admission for unlimited days, subject to the deductible | J28: Covered at 80% per admission for unlimited days, subject to the deductible | K28: Covered at 80% per admission for unlimited days, subject to the deductible | L28: Covered at 80% per admission for unlimited days, subject to the deductible | M28: Subject to $500 copay per admission for unlimited days | N28: Subject to $1,500 copay per admission for unlimited days, subject to the deductible | O28: Subject to $1,000 copay per admission for unlimited days, subject to the deductible | P28: Covered at 50% per admission for unlimited days, subject to the deductible | Q28: Covered at 50% per admission for unlimited days, subject to the deductible | R28: Covered at 100% per admission for unlimited days, subject to the deductible | S28: Subject to $1,000 copay per admission for unlimited days, subject to the deductible | T28: Subject to $500 copay per admission for unlimited days | U28: Subject to $750 copay per admission for unlimited days | V28: Covered at 75% per admission for unlimited days, subject to the deductible | W28: Covered at 80% per admission for unlimited days, subject to the deductible | X28: Subject to $500 copay per admission for unlimited days, subject to the deductible | Y28: Covered at 70% per admission for unlimited days, subject to the deductible | Z28: Covered at 80% per admission for unlimited days, subject to the deductible | AA28: Covered at 80% per admission for unlimited days, subject to the deductible | AB28: Covered at 80% per admission for unlimited days, subject to the deductible | AC28: Subject to $500 copay per admission for unlimited days | AD28: Subject to $500 copay per admission for unlimited days | AE28: Covered at 80% per admission for unlimited days, subject to the deductible
A29: Mental/Chemical Out Patient | D29: 3 visits covered in full. Next visits covered at $40 copay per visit | E29: Covered at 80%, subject to the deductible | F29: $25 copay per visit, subject to the deductible | G29: 3 visits covered in full. Next visits covered at $25 copay per visit | H29: 3 visits covered in full. Next visits covered at $40 copay per visit | I29: Covered at 80%, subject to the deductible | J29: 3 visits covered in full. Next visits covered at $25 copay per visit, subject to the deductible | K29: 3 visits covered in full. Next visits covered at $30 copay per visit | L29: 3 visits covered in full. Next visits covered at $40 copay per visit | M29: $15 copay per visit | N29: $30 copay per visit, subject to the deductible | O29: $25 copay per visit, subject to the deductible | P29: Covered at 50%, subject to the deductible | Q29: Covered at 50%, subject to the deductible | R29: Covered at 100%, subject to the deductible | S29: $40 copay per visit, subject to the deductible | T29: $15 copay per visit | U29: 3 visits covered in full. Next visits covered at $30 copay per visit | V29: 3 visits covered in full. Next visits covered at $40 copay per visit, subject to the deductible | W29: Covered at 80%, subject to the deductible | X29: $25 copay per visit, subject to the deductible | Y29: 3 visits covered in full. Next visits covered at $50 copay per visit | Z29: Covered at 80%, subject to the deductible | AA29: Covered at 80%, subject to the deductible | AB29: Covered at 80%, subject to the deductible | AC29: 3 visits covered in full. Next visits covered at $15 copay per visit | AD29: 3 visits covered in full. Next visits covered at $25 copay per visit | AE29: 3 visits covered in full. Next visits covered at $15 copay per visit
A30: Chemotherapy | D30: $40 copay per visit | E30: Covered at 80%, subject to the deductible | F30: $25 PCP copay per visit, subject to deductible | G30: $25 copay per visit | H30: $40 copay per visit | I30: Covered at 80%, subject to the deductible | J30: $25 PCP copay per visit, subject to deductible | K30: $30 copay per visit | L30: $40 copay per visit | M30: $15 copay | N30: $30 PCP copay per visit, subject to deductible | O30: $25 PCP copay per visit, subject to deductible | P30: Covered at 50%, subject to the deductible | Q30: Covered at 50%, subject to the deductible | R30: Covered at 100%, subject to the deductible | S30: $40 PCP copay per visit, subject to deductible | T30: $15 copay | U30: $30 copay per visit | V30: $40 PCP copay per visit, subject to deductible | W30: Covered at 80%, subject to the deductible | X30: $25 PCP copay per visit, subject to deductible | Y30: $50 copay per visit | Z30: Covered at 80%, subject to the deductible | AA30: Covered at 80%, subject to the deductible | AB30: Covered at 80%, subject to the deductible | AC30: $15 copay per visit | AD30: $25 copay per visit | AE30: $15 copay per visit
A31: Radiation therapy | D31: $60 copay per visit | E31: Covered at 80%, subject to the deductible | F31: $40 PCP copay per visit, subject to deductible | G31: $50 copay per visit | H31: $70 copay per visit | I31: Covered at 80%, subject to the deductible | J31: $40 copay per visit, subject to the deductible | K31: $50 copay per visit | L31: $60 copay per visit | M31: $15 copay | N31: $30 PCP copay per visit, subject to deductible | O31: $25 PCP copay per visit, subject to deductible | P31: Covered at 50%, subject to the deductible | Q31: Covered at 50%, subject to the deductible | R31: Covered at 100%, subject to the deductible | S31: $60 PCP copay per visit, subject to deductible | T31: $15 copay | U31: $50 copay per visit | V31: $60 copay per visit, subject to the deductible | W31: Covered at 80%, subject to the deductible | X31: $50 PCP copay per visit, subject to deductible | Y31: $75 copay per visit | Z31: Covered at 80%, subject to the deductible | AA31: Covered at 80%, subject to the deductible | AB31: Covered at 80%, subject to the deductible | AC31: $25 copay per visit | AD31: $40 copay per visit | AE31: $25 copay per visit
A32: Telemedicine | D32: Covered In Full | E32: Covered In Full, subject to deductible | F32: Covered In Full, subject to deductible | G32: Covered In Full | H32: Covered In Full | I32: Covered In Full, subject to deductible | J32: Covered In Full, subject to deductible | K32: Covered In Full | L32: Covered In Full | M32: Covered In Full | N32: Covered In Full | O32: Covered In Full | P32: Covered In Full, subject to deductible | Q32: Covered In Full, subject to deductible | R32: Covered In Full, subject to deductible | S32: Covered In Full, subject to deductible | T32: Covered In Full | U32: Covered In Full | V32: Covered In Full, subject to deductible | W32: Covered In Full, subject to deductible | X32: Covered In Full, subject to deductible | Y32: Covered In Full | Z32: Covered In Full, subject to deductible | AA32: Covered In Full, subject to deductible | AB32: Covered In Full, subject to deductible | AC32: Covered In Full | AD32: Covered In Full | AE32: Covered In Full
A33: Other Services
A34: Chiropractic | D34: $40 copay per visit | E34: Covered at 80%, subject to the deductible | F34: $25 copay per visit, subject to deductible | G34: $25 copay per visit | H34: $40 copay per visit | I34: Covered at 80%, subject to the deductible | J34: $25 copay per visit, subject to the deductible | K34: $30 copay per visit | L34: $40 copay per visit | M34: $35 copay | N34: $50 Specialist copay per visit, subject to deductible | O34: $40 Specialist copay per visit, subject to deductible | P34: Covered at 50%, subject to the deductible | Q34: Covered at 50%, subject to the deductible | R34: Covered at 100%, subject to the deductible | S34: $40 copay per visit, subject to deductible | T34: $35 copay | U34: $30 copay per visit | V34: $40 copay per visit, subject to the deductible | W34: Covered at 80%, subject to the deductible | X34: $25 copay per visit, subject to deductible | Y34: $50 copay per visit | Z34: Covered at 80%, subject to the deductible | AA34: Covered at 80%, subject to the deductible | AB34: Covered at 80%, subject to the deductible | AC34: $15 copay per visit | AD34: $25 copay per visit | AE34: $15 copay per visit
